-- phpMyAdmin SQL Dump
-- version 5.0.2
-- https://www.phpmyadmin.net/
--
-- Host: 127.0.0.1
-- Generation Time: Oct 25, 2020 at 09:58 PM
-- Server version: 10.4.13-MariaDB
-- PHP Version: 7.4.8

SET SQL_MODE = "NO_AUTO_VALUE_ON_ZERO";
START TRANSACTION;
SET time_zone = "+00:00";


/*!40101 SET @OLD_CHARACTER_SET_CLIENT=@@CHARACTER_SET_CLIENT */;
/*!40101 SET @OLD_CHARACTER_SET_RESULTS=@@CHARACTER_SET_RESULTS */;
/*!40101 SET @OLD_COLLATION_CONNECTION=@@COLLATION_CONNECTION */;
/*!40101 SET NAMES utf8mb4 */;

--
-- Database: `althealthapp`
--

-- --------------------------------------------------------

--
-- Table structure for table `cart`
--

CREATE TABLE `cart` (
  `client_ID` varchar(13) NOT NULL,
  `supplement_ID` varchar(50) NOT NULL,
  `item_quantity` int(11) NOT NULL,
  `date` date NOT NULL
) ENGINE=InnoDB DEFAULT CHARSET=latin1;

--
-- Dumping data for table `cart`
--

INSERT INTO `cart` (`client_ID`, `supplement_ID`, `item_quantity`, `date`) VALUES
('1007230144085', 'Supplement-9', 3, '2020-09-28'),
('1007230144085', 'Supplement-114', 2, '2020-09-28'),
('1003250239088', 'Supplement-115', 2, '2020-10-22'),
('1003250239088', 'Supplement-113', 3, '2020-10-22'),
('1003250239088', 'Supplement-113', 2, '2020-10-22'),
('1003250239088', 'Supplement-88', 1, '2020-10-22'),
('1003250239088', 'Supplement-99', 2, '2020-10-22'),
('1311240354085', 'Supplement-89', 3, '2020-10-22'),
('1311240354085', 'Supplement-95', 2, '2020-10-22'),
('1107230618084', 'Supplement-112', 2, '2020-10-22'),
('1107230618084', 'Supplement-110', 1, '2020-10-22');

-- --------------------------------------------------------

--
-- Table structure for table `hcp`
--

CREATE TABLE `hcp` (
  `id` int(11) NOT NULL,
  `name` varchar(50) NOT NULL,
  `email` varchar(50) NOT NULL,
  `username` varchar(50) NOT NULL,
  `address` text NOT NULL,
  `tel` varchar(50) NOT NULL,
  `password` varchar(50) NOT NULL
) ENGINE=InnoDB DEFAULT CHARSET=utf8mb4;

--
-- Dumping data for table `hcp`
--

INSERT INTO `hcp` (`id`, `name`, `email`, `username`, `address`, `tel`, `password`) VALUES
(1, 'Rethabile Mokoena', 'hcp@altheath.co.za', 'HCP1234', '162 Mooi Johannesburg 2001', '0116601519', 'admin');

-- --------------------------------------------------------

--
-- Table structure for table `tblclientinfo`
--

CREATE TABLE `tblclientinfo` (
  `client_ID` varchar(15) NOT NULL,
  `c_name` varchar(30) NOT NULL,
  `c_surname` varchar(50) NOT NULL,
  `address` varchar(200) NOT NULL,
  `code` varchar(4) NOT NULL,
  `c_tel_h` varchar(20) NOT NULL,
  `c_tel_w` varchar(20) NOT NULL,
  `c_tel_cell` varchar(20) NOT NULL,
  `c_email` varchar(200) NOT NULL,
  `reference_ID` varchar(20) NOT NULL
) ENGINE=InnoDB DEFAULT CHARSET=latin1;

--
-- Dumping data for table `tblclientinfo`
--

INSERT INTO `tblclientinfo` (`client_ID`, `c_name`, `c_surname`, `address`, `code`, `c_tel_h`, `c_tel_w`, `c_tel_cell`, `c_email`, `reference_ID`) VALUES
('1003250239088', 'Brian ', 'Kekana', '1 DISCOVERY PLACE SANDTON CITY', '2196', '(047)-(773)-(5345)', '', '(087)-(708)-(7445)', 'BKekana@myweb.co.za', '2'),
('1003280163086', 'Philani ', 'Khan', '38809 ZIRCONIUM STREET CLAYVILLE EXT 33', '1666', '(015)-(763)-(0318)', '(093)-(327)-(2627)', '(034)-(252)-(7734)', 'PhilaKh@mailweb.org', ''),
('1004050642083', 'Linda', 'Makapela', 'UNIT 133 ALLDRIN ROAD MONTANA', '0182', '(095)-(226)-(0905)', '(010)-(354)-(9589)', '(051)-(680)-(6529)', 'Ma@mailweb.org', '2'),
('1005260157083', 'Nepo ', 'Mukwevho', '334 FOREST WALK FAERIE GLEN', '0081', '(077)-(606)-(2017)', '(056)-(107)-(5076)', '(082)-(971)-(3584)', '', '1'),
('1007230144085', 'Mduduzi ', 'Mugeri', '8 BOOM STR RUSTENBURG', '0299', '(090)-(634)-(2145)', '(068)-(892)-(4609)', '(026)-(167)-(2681)', '', ''),
('1010190221088', 'Sinqobile', 'Moloisane', 'P O BOX 8848488 GROBLERSDAL', '0470', '(047)-(847)-(9730)', '(037)-(824)-(2370)', '(085)-(298)-(0219)', 'SinqoMo@mememail.org.za\'', '2'),
('1011060902084', 'Balungile ', 'Klassen', '184 TOSS NGILIMA STREET TAMBOVILLE', '1693', '(045)-(596)-(0647)', '', '(035)-(727)-(6040)', 'BKla@mailman.co.za', '1'),
('1011160807087', 'Donavan ', 'Mthunywa', '410 LEYDS STREET SUNNYSIDE', '0002', '(083)-(359)-(3854)', '(036)-(803)-(3184)', '', 'DMth@themail.com', '2'),
('1012070281082', 'Phakamani ', 'Gamede', '13 DE BEER STREET 4TH FLOOR NORTH FIELD BUILDING BRAAMFONTEIN', '2001', '(082)-(238)-(3065)', '(062)-(187)-(6668)', '(080)-(192)-(4779)', '', '2'),
('1104280343081', 'Mark ', 'Sifunda', '10830 VORNA VALLEY', '1686', '(039)-(837)-(7998)', '(091)-(319)-(5376)', '(064)-(129)-(4237)', 'MSifund@themail.com', '1'),
('1105280586088', 'Petrus ', 'Sithole', '33 JOHANNA VAN DER MERWE STR KOOKRUS', '1961', '(066)-(539)-(4574)', '(040)-(594)-(2354)', '(031)-(597)-(8845)', 'PS@myweb.co.za', '2'),
('1107230618084', 'Timothy ', 'Mugagadeli', '888840 BLOMBAS CRESCENT KARENPARK', '0182', '(039)-(432)-(0974)', '(011)-(688)-(0786)', '(071)-(299)-(4911)', 'TimoM@mailman.co.za', '1'),
('1203280171086', 'Lionel ', 'Myeki', 'P O BOX 1411 THOHOYANDOU', '0950', '(042)-(863)-(2113)', '(012)-(914)-(8270)', '(029)-(358)-(0686)', 'LiMyeki@privatemail.co.za', '2'),
('1204030632082', 'Sonica', 'Ebrahim', '809 JEFF\'S PLACE 1388 FRANCIS BAARD PRETORIA', '0002', '(026)-(471)-(1491)', '(047)-(465)-(4475)', '(073)-(113)-(6410)', 'SonicEbr@mememail.org.za\'', '2'),
('1205040963082', 'Adam', 'Mugadi', '31 WOOD DRIVE TABLE VIEW', '7441', '(031)-(991)-(7619)', '', '(042)-(864)-(4021)', '', ''),
('1302080439088', 'Mzukisi', 'Letsie', '188 LEMON ROAD PRIMROSE', '1401', '(038)-(597)-(2077)', '(057)-(306)-(9319)', '(086)-(858)-(7936)', '', ''),
('1307090536085', 'Matome ', 'Khomola', 'P O BOX 1310 PIETERMARITZBURG', '3200', '(033)-(373)-(9047)', '(016)-(694)-(1286)', '(047)-(840)-(6135)', 'MaKhom@yeboyes.co.za', '2'),
('1308190287088', 'Josaya ', 'Chabvonga', 'P O BOX 101048 MORELETA PLAZA', '0167', '(079)-(644)-(8637)', '(082)-(574)-(5772)', '(083)-(303)-(0923)', 'JosayChabvo@mememail.org.za\'', '1'),
('1311040718081', 'Gomotsegang ', 'Lee', '33 AQUARIUS CRESC SUNDOWNER', '2188', '(049)-(532)-(6344)', '(080)-(607)-(9009)', '(039)-(178)-(9996)', '', ''),
('1311240354085', 'Donald', 'Sethole', '388 OREGON STREET VERULAM', '4339', '(087)-(798)-(0943)', '(049)-(732)-(7824)', '', 'DonalSethol@mailman.co.za', '2'),
('1401030341085', 'Adriaan', 'Letsie', 'P O BOX 181 SIMON\'S TOWN', '7995', '(055)-(593)-(5113)', '', '(028)-(508)-(1461)', 'AdrL@yeboyes.co.za', ''),
('1412130177086', 'Sumitra', 'Rehman', 'P O BOX 1388 LADYBRAND', '9745', '(042)-(260)-(3086)', '(097)-(804)-(8377)', '(039)-(833)-(5940)', 'SuReh@mailweb.org', '2'),
('1501200671081', 'Leon', 'Maphoto', '338880 MOTLHWARE STREET MAMELODI EAST, EXT 88 MAMELODI', '0122', '(039)-(589)-(8313)', '(075)-(299)-(8952)', '(026)-(120)-(7054)', 'LeonMaph@mailweb.org', ''),
('1503200793088', 'Promise ', 'Van Wyk', 'WESTVIEW SECURITY ESATE JOHNSTON 388 FOSSIL STREET PRETORIA', '0002', '(079)-(806)-(0010)', '(027)-(734)-(9270)', '(040)-(932)-(6418)', 'PrVan Wy@themail.com', ''),
('1504280313088', 'Thato ', 'Robertson', '1139 ZONE SIX EXT1 SEBOKENG', '1983', '(067)-(429)-(8627)', '(050)-(867)-(1729)', '(073)-(988)-(0747)', 'ThRo@themail.com', '2'),
('151021036088', 'Shaun ', 'Lesch', '11814 TIMA STREET MAMELODI EAST', '0122', '(028)-(699)-(2379)', '(071)-(870)-(0610)', '(033)-(657)-(6105)', 'Les@themail.com', '1'),
('1512140600088', 'Tlou', 'Chibase', '8888 ESCOMBE ROAD RIETVALLEI PARK', '0157', '(046)-(763)-(2689)', '(089)-(690)-(5609)', '(029)-(745)-(5153)', '', '2'),
('1512170591085', 'Muteba ', 'Khobane', 'P O BOX 11103 DIE HOEWES', '0163', '(085)-(232)-(4944)', '(033)-(351)-(5265)', '(061)-(264)-(1633)', 'Khoba@mememail.org.za\'', '2'),
('1603220911086', 'Ricardo ', 'Makhonza', '33 GENERAL KEMP DRIVE SHARON PARK', '1496', '(054)-(938)-(6348)', '(083)-(555)-(9756)', '(087)-(326)-(7227)', '', '2'),
('1604070370087', 'Abiot ', 'Dlamini', '33 MOUNTBATTEN DRIVE RESERVOIR HILLS', '4091', '(045)-(468)-(3722)', '', '(076)-(873)-(0413)', 'Dlami@yeboyes.co.za', '2'),
('1608130591087', 'Mahlatse ', 'Campbell', '188 CARDEA MEWS ILALA RIDGE ESTATE LA LUCIA RIDGE', '4051', '(064)-(270)-(7408)', '(095)-(462)-(3055)', '(032)-(766)-(9796)', '', ''),
('1704180177085', 'Leeto ', 'Legane', 'P O BOX 13988 SIBASA', '0970', '(079)-(991)-(3083)', '(090)-(316)-(1396)', '(095)-(722)-(9998)', 'LeL@mailweb.org', '2'),
('1705180376087', 'Kaveshan', 'Mokonyane', 'FLAT 8804 VOSSEBURG 113 VOS STREET SUNNYSIDE', '0002', '(082)-(717)-(3101)', '(090)-(545)-(8738)', '(016)-(820)-(2338)', '', '2'),
('1709240402082', 'Louis ', 'Van Der Westhuizen', 'P O BOX 138888 THE TRAMSHED', '0126', '(034)-(406)-(2034)', '(022)-(493)-(6494)', '(028)-(775)-(3157)', '', '2'),
('1709280678088', 'Stephan ', 'Nyalungu', '410 JUSTICE MOHAMED STREET RIECOR FLAT 8 SUNNYSIDE', '0002', '(084)-(628)-(5658)', '(062)-(332)-(6416)', '(018)-(592)-(7076)', 'StephN@myweb.co.za', '2'),
('1803090222085', 'Tshepo ', 'Makhuvele', 'P O BOX 14431 LYTTELTON', '0140', '(042)-(858)-(6305)', '(068)-(611)-(4953)', '(081)-(622)-(7192)', '', '2'),
('1804030915086', 'Saegan', 'Hicks', 'P O BOX 1131 THULAMAHASHE', '1365', '(045)-(818)-(7526)', '(087)-(674)-(6107)', '(092)-(670)-(4100)', 'SaH@themail.com', '2'),
('1805020907085', 'Leeto ', 'Duiker', '11 WINCHESTER CRESCENT AMALINDA', '5247', '(078)-(737)-(1431)', '(096)-(254)-(4003)', '(016)-(174)-(7061)', '', '2'),
('1807070505082', 'Livhuwani ', 'Ndlovu', 'P O BOX 833 KIMBERLEY', '8300', '(040)-(626)-(9728)', '(015)-(171)-(0512)', '(052)-(358)-(3972)', 'LivhNdl@themail.com', ''),
('1810160413088', 'Nelisiwe', 'Mpofu', '889 BREE STREET NEWTOWN', '2001', '(010)-(118)-(9211)', '(059)-(273)-(5474)', '(068)-(442)-(8679)', 'NeMpofu@mailman.co.za', '2'),
('1902060828085', 'Xolile', 'Gungudoo', 'EY, 101 RIVONIA ROAD SANDTON', '2196', '(069)-(374)-(2180)', '(069)-(683)-(4871)', '(031)-(526)-(1444)', '', '2'),
('1906040694086', 'Ngwagu ', 'Khoza', '11883 HONEYGUIDE STREET NKWE ESTETE ROSSLYN', '0182', '(096)-(936)-(6354)', '(070)-(718)-(2066)', '(089)-(146)-(9790)', '', '2'),
('1908150375082', 'Cliff', 'Bomela', 'UNIT 1 MAJESTIC TOWERS 40 EMPIRE ROAD PARKTOWN', '2193', '', '(029)-(565)-(6703)', '(046)-(976)-(2408)', 'CliBomela@themail.com', '2'),
('2005130271081', 'Navisha', 'Nyamupangedengu', '14 BRINK STREET DISCOVERY EXT 3', '1709', '(047)-(922)-(7532)', '(055)-(233)-(1573)', '(091)-(964)-(6830)', 'N@mememail.org.za\'', '2'),
('2007100717086', 'Warren ', 'Piroe', '119 DU TOIT STREET 104 ORPHEUM MANSIONS PRETORIA', '0002', '(057)-(406)-(2092)', '(012)-(519)-(8360)', '(081)-(853)-(0164)', 'WarrePiroe@yeboyes.co.za', '2'),
('2008190919082', 'Shaun ', 'Maarman', 'P O BOX 18848 GIYANI', '0826', '(013)-(667)-(4505)', '(034)-(674)-(9222)', '(029)-(678)-(7921)', 'SMaarma@mailweb.org', '2'),
('2009210740082', 'Mari', 'Maredi', '56518 MAMAGWAILE STR UNIT 14 MMABATHO', '2790', '(045)-(103)-(4645)', '(099)-(891)-(3383)', '(097)-(777)-(6343)', 'MarMaredi@myweb.co.za', '2'),
('2011240231088', 'Nhloso ', 'Schoeman', '3 CORONA COMPLEX WILGEHEUWEL', '1724', '(014)-(388)-(2222)', '(097)-(361)-(7012)', '(094)-(473)-(4225)', 'NSc@mailman.co.za', '5'),
('2012190284086', 'Kagiso', 'Ntuli', '1191 OLIFANTSOOR STREET PROTEA GLEN EXT 1', '1818', '(083)-(110)-(7144)', '(091)-(274)-(9119)', '(044)-(354)-(5287)', 'KaN@myweb.co.za', '2'),
('2012200849081', 'Onele', 'Veeragaloo', '565883 EXT 10 DIEPSLOOT', '2189', '(013)-(304)-(1410)', '(047)-(157)-(4958)', '(034)-(157)-(0274)', 'OneleVeera@mememail.org.za\'', '1'),
('2102130913085', 'Heinrich', 'Dlamini', 'C303 NIGHTINGALE CLOSE NIGHTINGALE WAY PINELANDS', '7405', '(044)-(698)-(4141)', '(083)-(433)-(8338)', '(060)-(857)-(4045)', 'HeinDla@privatemail.co.za', '2'),
('2104030218083', 'Grace', 'Mudau', 'ICASA 330 WITCH HAZEL AVENUE CENTURION', '0157', '(045)-(324)-(0994)', '(034)-(251)-(6709)', '(013)-(463)-(7629)', 'GraMuda@mailweb.org', '2'),
('2109050549084', 'Matete', 'Magodielo', '1391 BLUE CURRENT STREET KIRKNEY', '0182', '(018)-(226)-(0355)', '(088)-(176)-(6830)', '(095)-(111)-(3227)', 'Magod@mailman.co.za', '2'),
('2109180750085', 'Chaguwa ', 'Matlala', '44B FISH EAGLE STREET AMBERFIELD HEIGHTS ROOIHUISKRAAL NORTH EXT 188', '0157', '', '(042)-(281)-(4579)', '(086)-(775)-(9455)', '', ''),
('2111130577081', 'Seturumane ', 'Dharamraj', 'P O BOX 1044 BRITS', '0250', '(068)-(229)-(8911)', '(077)-(369)-(0677)', '(059)-(887)-(6249)', 'SetuDhar@yeboyes.co.za', '2'),
('2201120350085', 'Wilhelm', 'Seanego', 'STAND 1898B THATCHFIELD HILLS ESTATE FALCON STREET CENTURION', '0157', '(023)-(968)-(4596)', '(066)-(985)-(5282)', '(039)-(170)-(4278)', '', '2'),
('2202040449087', 'Sheldon ', 'Matlakeng', '19 EILEEN COURT KIMBERLEY', '8301', '(095)-(929)-(6409)', '(052)-(951)-(8041)', '(016)-(918)-(8075)', '', '2'),
('2205140565082', 'Echelle ', 'Koeberg', 'A880889 MPANGELE DRIVE KWANDENGEZI', '3607', '(089)-(550)-(1302)', '(034)-(444)-(6256)', '', 'EcheK@yeboyes.co.za', '2'),
('2207010632083', 'Nyakallo', 'Kupke', '4339 ISIMUKU AND SILBARK STREET BIRCH ACRES EXT 188', '1618', '(069)-(890)-(2589)', '(014)-(793)-(1379)', '(076)-(660)-(5008)', 'NKupk@privatemail.co.za', '2'),
('2210130900088', 'Dion', 'Mabanga', '4883/140 SOPHIATOWN DIFATENG', '1632', '(056)-(682)-(7433)', '(094)-(748)-(1506)', '', 'DioM@myweb.co.za', '2'),
('2303030988083', 'Fortunate', 'Ndzulu', '911 COMMERCIAL STREET CLAREMONT', '0082', '(098)-(411)-(7536)', '(044)-(650)-(7520)', '', 'FNdzulu@myweb.co.za', '1'),
('2309220589087', 'Sylvester ', 'Xhakaza', 'P O BOX 1340 UMTATA', '5099', '(074)-(666)-(7434)', '(064)-(290)-(1537)', '(024)-(131)-(2549)', '', '3'),
('2411070180081', 'Wilhelm', 'Mokansi', '13 WEMBLEY ROAD WEMBLEY PARK KUILS RIVER', '7580', '(069)-(998)-(1771)', '(049)-(265)-(0519)', '(079)-(198)-(6828)', 'Mokans@mailman.co.za', '2'),
('2511130529083', 'Tshilidzi', 'Metcalf', '1 ZOTOS TOWERS 883 GLEN ROAD BRAMLEY PARK', '2090', '(091)-(822)-(4741)', '(030)-(891)-(2945)', '(040)-(576)-(1210)', '', '1'),
('2605130248088', 'Letsoni ', 'Baepane', '1088888 MOPEDI STREET SEBOKENG SONE 88B', '1983', '(078)-(529)-(2729)', '(084)-(569)-(0643)', '(081)-(584)-(8655)', 'LetB@mailman.co.za', ''),
('2605150205088', 'Busisiwe', 'Du Plessis', '08 ESSELIN STREET BOKSBURG', '1459', '(066)-(762)-(2975)', '', '(058)-(901)-(5043)', 'BusD@yeboyes.co.za', '1'),
('2608180553088', 'Vuyokazi ', 'Nanub', '11 ROOIPEER STREET BLOUBOSRAND', '2188', '(041)-(484)-(8269)', '(045)-(918)-(9059)', '(082)-(367)-(9809)', 'VuNanub@privatemail.co.za', '1'),
('2611180135088', 'Moeketsi ', 'Noko', '11 FAIRBREEZE ROAD KWA-ZULU NATAL BELFORT', '3201', '(094)-(515)-(4612)', '(080)-(884)-(9304)', '(091)-(535)-(6362)', 'MoekeN@privatemail.co.za', '3'),
('2612230397082', 'Mbheki ', 'Ekanayake', '318 FESTIVAL STREET HATFIELD', '0083', '(082)-(456)-(6558)', '(078)-(858)-(5438)', '(094)-(917)-(3773)', '', '4'),
('2702250305088', 'Shaun ', 'Kafile', 'P O BOX 1480 HALFWAY HOUSE', '1685', '(028)-(487)-(6443)', '(099)-(760)-(0121)', '(031)-(971)-(9512)', 'Kaf@privatemail.co.za', ''),
('2703080994088', 'Berry ', 'Mutamba', '116653 MAMELODI EAST EXT 4', '0122', '(088)-(260)-(8598)', '', '(079)-(817)-(9844)', 'Mutam@mailman.co.za', '2'),
('2704170868088', 'Shelley-Anne ', 'Madia', '190 SCHEIDING STREET 110 STATION PLACE FLAT PRETORIA CBD CENTRAL', '0002', '(074)-(148)-(7156)', '(087)-(414)-(0779)', '(012)-(919)-(2724)', 'SMad@myweb.co.za', '2'),
('2706070629087', 'Victor ', 'Mgidi', 'WREN AVENUE 889 PARKLANDS, CENTURION DIE HOEWES', '0157', '(054)-(385)-(7798)', '(018)-(224)-(2553)', '(097)-(121)-(5412)', 'VictMgi@mememail.org.za\'', ''),
('2707050803087', 'Marc ', 'Baloyi', '9 HAARHOF STREET NEW PARK', '8301', '(047)-(916)-(0130)', '(076)-(570)-(4161)', '(088)-(221)-(7304)', '', '2'),
('2707140905083', 'Nokukhanya', 'Ndou', '341 PRETORIA ROAD 13 SILVERVIEW SILVERTON', '0184', '(084)-(570)-(3890)', '(052)-(485)-(2084)', '(084)-(700)-(9028)', '', '2'),
('2709110853083', 'Ndivhuwo ', 'Oliver', '10119 LEFOKOTSANE STREET EXTENSION 30 VOSLOORUS EXT 30', '1475', '(043)-(452)-(8545)', '(072)-(720)-(8195)', '(078)-(178)-(8394)', '', '1'),
('2709210905082', 'Kagiso', 'Robinson', 'P O BOX 18899 ROSSLYN', '0200', '(068)-(469)-(9297)', '(066)-(375)-(7645)', '(071)-(749)-(6368)', 'KagiRo@mailweb.org', '2'),
('2711130236088', 'Sango', 'Brown', '38801 PIKES PEAK PLACE LENASIA SOUTH EXT 4', '1829', '(054)-(537)-(0684)', '(071)-(819)-(0681)', '(020)-(836)-(2141)', '', '2'),
('2712250489081', 'Ruduwhan ', 'Mokwebo', 'UNIT33 ORMONDE VIEW CORWEN ROAD ORMONDE', '2091', '(042)-(254)-(6694)', '(063)-(139)-(3871)', '(034)-(319)-(9514)', '', '2'),
('2802230303081', 'Lance ', 'Mulaudzi', '88565 BERG AVENUE FLORAUNA', '0182', '(049)-(466)-(3934)', '(050)-(479)-(7057)', '(090)-(721)-(8754)', '', ''),
('2802270531083', 'Nonjabulo', 'Mafogo', 'P O BOX 8856581 ELDOGLEN', '0171', '(068)-(535)-(6596)', '(088)-(942)-(5179)', '(062)-(571)-(6982)', 'NonM@privatemail.co.za', '2'),
('2804070757085', 'Edwin', 'Chilinda', '1880 MABEL STREET ROSETTENVILLE', '2190', '(040)-(139)-(2394)', '(082)-(568)-(0086)', '', '', '1'),
('2804220399085', 'Tsholofelo ', 'Benjamin', '94 BEYERS STREET KRUGERSDORP WEST', '1739', '(069)-(642)-(6052)', '(024)-(785)-(8235)', '(098)-(916)-(2699)', 'TsholBenja@mailman.co.za', '2'),
('2805070756085', 'Benjamin', 'Mofokeng', 'BLOCK K199 PHOMOLONG SAULSVILLE', '0125', '(019)-(631)-(6781)', '', '(040)-(324)-(8409)', 'BenjaMofoke@privatemail.co.za', '2'),
('2807090965085', 'Michiel ', 'Mathabatha', '188 JONES STREET NELSPRUIT UIT', '1201', '(054)-(511)-(4156)', '(045)-(998)-(6940)', '(070)-(390)-(5312)', 'M@privatemail.co.za', ''),
('2808250506083', 'Nishandhran ', 'Shezi', '408 YORK AND BOND RANDBURG', '2194', '(060)-(802)-(5793)', '(033)-(521)-(6539)', '(047)-(228)-(2683)', 'NishSh@mememail.org.za\'', '2'),
('2809260609084', 'Mmasaka ', 'Myeza', '1 STAATSARTILLERY ROAD BLD 30 ROOM 303 TSHWANE UNIVERSITY OF TECH PRETORIA WEST', '0183', '(057)-(441)-(7996)', '(079)-(590)-(7728)', '(051)-(628)-(9781)', '', ''),
('2809270394087', 'Simphiwe ', 'Jacobs', '131 WALKER STREET 4088 DRIEANKERHOF MUCKLENEUK', '0002', '(056)-(696)-(9341)', '(046)-(824)-(4917)', '(063)-(901)-(4440)', 'SiJacob@myweb.co.za', '1'),
('2811170937087', 'Jan ', 'Robinson', '188THUTHLWA STREET ATTERIDGEVILLE', '0008', '(036)-(230)-(3090)', '(065)-(740)-(1390)', '(089)-(275)-(3191)', 'Jan R@myweb.co.za', '2'),
('2811240555087', 'Rene', 'Makhonza', 'P O BOX 88031 MMABATHO', '2735', '(018)-(691)-(6329)', '(093)-(745)-(6785)', '(098)-(359)-(9033)', 'RMak@themail.com', '2'),
('2902030264083', 'Trevor ', 'Ganga-Scott', '1401 BLOCK U MABOPANE', '0190', '(026)-(738)-(3010)', '(066)-(653)-(3994)', '(028)-(372)-(8183)', 'TreGan@mememail.org.za\'', '2'),
('2905080185087', 'Shivesh', 'Mathebula', '883 SOLE CRESCENT ALEX MEWS PHASE 1 ALEXANDRA', '2090', '(071)-(945)-(7843)', '(091)-(810)-(1781)', '(019)-(517)-(7409)', 'Mat@myweb.co.za', ''),
('2906040747081', 'Johanna ', 'Muselli', '11 DR JANE WATERSTON CRESC WESTVIEW', '0183', '(011)-(853)-(5976)', '(030)-(259)-(2683)', '(043)-(619)-(0387)', '', ''),
('290611026087', 'Goratamang ', 'Owens', '19 COB STREET MOSSEL BAY EXT 13', '6506', '(034)-(452)-(4032)', '(045)-(984)-(6194)', '(046)-(536)-(3745)', 'GoOwens@mailman.co.za', '2'),
('2907080814082', 'Tumelo ', 'Molepo', '888 PRION WAY PELIKAN PARK PARLIAMENTARY VILLAGE GRASSY PARK', '7941', '(042)-(531)-(1149)', '(089)-(758)-(1415)', '(085)-(723)-(6298)', 'TumeMolep@privatemail.co.za', '2'),
('2909270467081', 'Desmond', 'Louvouezo Banzouzi', '3880 SEKHI STREET TSHIAWELO EXT 3', '1818', '(063)-(659)-(5343)', '(072)-(927)-(3033)', '(010)-(405)-(4523)', 'DLou@yeboyes.co.za', '2'),
('3001280724084', 'Nkani ', 'Mohlala', '94 MATROOSBERG EQUESTRIA ESTATE EQUESTRIA ESTATES', '0184', '(011)-(142)-(0649)', '(014)-(519)-(7920)', '(079)-(241)-(0467)', 'Mo@themail.com', '2'),
('3004230801084', 'Shaun ', 'Geitner', 'TALI\'S PLACE UNIT 16653 CNR GOUD & ALBERTINA SISULU JOHANNESBURG', '2001', '(016)-(274)-(7068)', '(078)-(840)-(6582)', '(050)-(869)-(3499)', '', '2'),
('3203230938086', 'Fulufhelo ', 'Zombene', '8 WATERFALL HEIGHTS CNR BEKKER AND JANSON CLOSE MIDRAND', '1682', '(075)-(221)-(8555)', '(017)-(979)-(1283)', '', 'Zomb@themail.com', '2'),
('3205070928081', 'Mmadineo ', 'Tandwa', 'P O BOX 8808 MORULA', '0196', '(058)-(380)-(5593)', '(034)-(754)-(4986)', '(062)-(113)-(2202)', '', '2'),
('3205230915086', 'Ntombekaya', 'Mugadi', 'WEAVER TERRACE 13 GREENWOOD GARDENS SOUTHERNWOOD', '5201', '(068)-(737)-(3325)', '(054)-(764)-(9500)', '(054)-(518)-(4549)', 'NtombMuga@myweb.co.za', '2'),
('3208130215083', 'Koena ', 'Viviers', '403 MONOVILLA 311 KOTZE STREET SUNNYSIDE', '0002', '(019)-(867)-(9883)', '(037)-(958)-(3816)', '(054)-(447)-(0733)', '', '2'),
('3211200919082', 'Loyald ', 'Nthani', '88 WEMMER PLACE 880- 9TH STREET LAROCHELLE ROSETTENVILLE', '2190', '(033)-(903)-(7765)', '(033)-(750)-(8047)', '(039)-(342)-(4198)', '', '2'),
('3211280908087', 'Nonhlanhla ', 'Naidoo', 'UNIT 18 ALICE SPRINGS ROAD NO 1 ALLEN\'S NEK', '1709', '(061)-(578)-(7955)', '(026)-(237)-(9676)', '(093)-(882)-(2847)', 'NNaid@mememail.org.za\'', '4'),
('3212110757087', 'Navisha', 'Baloyi', 'UNIT 40, LITTLE MANHATTEN V PRETORIA WEST', '0183', '(095)-(228)-(6921)', '(064)-(897)-(8331)', '(070)-(491)-(1699)', 'NBaloyi@privatemail.co.za', '2'),
('3305280817081', 'Mangope ', 'Engelbrecht', '388 SLOANE THE CAMPUS OFFICE PARK LORDS BUILDING BRYANSTON', '2191', '(061)-(916)-(8185)', '(024)-(190)-(5802)', '(087)-(819)-(4351)', 'MEngelb@mailweb.org', ''),
('3306170196085', 'Sinqobile', 'Dzegere', '1883 HARINAGAR DRIVE SHALLCROSS', '4093', '(068)-(847)-(4612)', '(036)-(985)-(1832)', '(020)-(482)-(8106)', 'SDzeger@themail.com', '2'),
('3405190169081', 'Katlego ', 'Swanepoel', '19 LISTER STREET CW 3 VANDERBIJLPARK', '1911', '(058)-(897)-(2417)', '(068)-(811)-(2093)', '(074)-(898)-(4001)', '', ''),
('3406130687081', 'Duane ', 'Zaverdinos', '3030 TIGERFISH STREET ALLANDALE EXT 11', '1682', '(061)-(721)-(0007)', '(081)-(239)-(7486)', '', 'DuZa@mailweb.org', '2'),
('3406260688085', 'Sven ', 'Maswanganyi', 'P O BOX 113 PHALABORWA', '1390', '(067)-(862)-(2614)', '(074)-(806)-(0792)', '(068)-(519)-(7630)', 'Maswan@themail.com', ''),
('3410210326084', 'Seturumane ', 'Banza', '1 TINUS DE JONGH ROAD UNIT 1 GLEN MARAIS VIEW BIRCHLEIGH EXT 1', '1618', '(055)-(737)-(3275)', '(079)-(236)-(8345)', '(051)-(263)-(1955)', 'SeBa@privatemail.co.za', ''),
('3411260488085', 'Edwin ', 'Dzegere', 'P O BOX 18808 GIYANI', '0826', '(066)-(697)-(3800)', '(049)-(328)-(9463)', '', 'EdD@themail.com', '2'),
('341216047088', 'Sandiso', 'Naidoo', '401 LETLHABILE BLOCK G BRITS', '0250', '(038)-(261)-(4393)', '(010)-(689)-(1524)', '(033)-(458)-(6428)', 'SandiNa@myweb.co.za', '2'),
('3502010805081', 'Nasreen', 'Lee', 'P O BOX 880 LENASIA', '1821', '(099)-(597)-(8618)', '(066)-(496)-(1886)', '(054)-(499)-(3418)', 'NasrL@mailweb.org', '2'),
('3503100678084', 'Jonathan', 'Phalane', '8 AMANDAHOF 118 DANIE THERON STREET PRETORIA NORTH', '0182', '(096)-(576)-(3186)', '(068)-(610)-(4108)', '(078)-(858)-(4999)', 'JonaPh@mememail.org.za\'', ''),
('3505100334081', 'Asanda', 'Motsinone', '3149 LERATO STREET KANAN EXT 3 TEMBISA', '1632', '(083)-(342)-(6518)', '', '(090)-(554)-(9607)', 'AsaMotsi@yeboyes.co.za', '2'),
('3508030550085', 'Sean', 'Cobokana', 'P O BOX 166588 SEKHUKHUNE', '1124', '(028)-(582)-(4201)', '(063)-(273)-(8384)', '(062)-(194)-(0939)', '', '2'),
('3508130716085', 'Mark ', 'Mtshali', 'P O BOX 118809 VORNA VALLEY', '1686', '(095)-(485)-(8436)', '(020)-(648)-(1991)', '(062)-(375)-(3297)', 'MMts@themail.com', '2'),
('3509040348083', 'Jaco', 'Ravhura', '1348 BLOCK TT SOSHANGUVE', '0152', '(091)-(150)-(5446)', '(011)-(388)-(6501)', '(062)-(336)-(3531)', 'JacRavhu@mailweb.org', '2'),
('3601280328086', 'Mishack ', 'Morudu', '39 LOOP STREET THE OVAL FLAT NO 103 BEREA PARK', '0002', '(033)-(466)-(2466)', '(079)-(767)-(3080)', '(084)-(753)-(4387)', 'MishMorudu@yeboyes.co.za', '1'),
('3602250350086', 'Moyahabo ', 'Mbonani', '09 WEAVERS NEST THE WILDS', '0081', '(084)-(780)-(3175)', '(030)-(900)-(6360)', '(026)-(724)-(4857)', 'M@privatemail.co.za', '2'),
('3605040496081', 'Steven', 'Shariff', '488 KINGSTON VILLAGE DUPPRUIM AVE WELTEVREDENPARK', '1709', '(056)-(941)-(1755)', '(052)-(518)-(5093)', '(014)-(965)-(1656)', 'SShari@mememail.org.za\'', '1'),
('3605090332085', 'Portia ', 'Geitner', '19 SHEFFIELD BERGRIVER DRIVE KEMPTON PARK', '1619', '(085)-(337)-(5545)', '(073)-(276)-(7178)', '(020)-(353)-(0835)', 'PoGe@mailweb.org', ''),
('3610150249083', 'Candice', 'Moetapele', '883 HELEN JOSEPH STEET JOHANNESBURG', '2001', '(032)-(186)-(2704)', '', '(081)-(125)-(0036)', 'CaM@myweb.co.za', '2'),
('3708100193088', 'Piet', 'Mokgothu', 'P O BOX 148 KUILS RIVER', '7579', '(036)-(464)-(6498)', '(071)-(428)-(2374)', '(098)-(527)-(9321)', 'PieMokgo@privatemail.co.za', '2'),
('3801170828084', 'Jonathan ', 'Du Plessis', '918 RENAISSANCE 33 MAUD MFUSI STREET DURBAN', '4001', '(045)-(790)-(3472)', '(033)-(555)-(9087)', '(032)-(317)-(1111)', 'JonDu Pl@themail.com', ''),
('3809260231088', 'Morwamakgomo ', 'Lechelele', '49 LEADWOOD NATURE ESTATES MEYERSDAL', '1448', '(036)-(566)-(4119)', '(072)-(640)-(9737)', '(090)-(747)-(1877)', '', ''),
('3810250735087', 'Berry ', 'Chilinda', 'P O BOX 1880 LWAMONDO', '0985', '(055)-(447)-(9618)', '', '(047)-(517)-(6398)', 'BerrChil@myweb.co.za', '2'),
('3811210932081', 'Nontshumayelo ', 'Ntumba', 'UNIT 30 TWENTY ON FURROW FURROW STREET HOMES HAVENS HOMES HAVEN EXT 13', '1759', '(051)-(944)-(0681)', '(019)-(362)-(8555)', '(040)-(211)-(6070)', 'NontNtumb@mailman.co.za', '2'),
('3902120576083', 'Sameer', 'Murindagomo', '8808888 9 WASABI STREET THE ORCHARDS', '0182', '(058)-(139)-(0040)', '(050)-(413)-(7292)', '(040)-(682)-(5987)', 'SamMurin@mailweb.org', '1'),
('3906160799085', 'Ntsakisi ', 'Ndou', 'P O BOX 8888 MAUBANE', '0412', '(059)-(347)-(6246)', '(060)-(581)-(5211)', '(037)-(963)-(7424)', 'Ndou@privatemail.co.za', '1'),
('3906250668088', 'Nkhetheni ', 'Phosa', 'P O BOX 13883 RUIMSIG', '1732', '(095)-(260)-(1710)', '(075)-(430)-(0922)', '(088)-(655)-(0479)', 'NkhetPhosa@myweb.co.za', '1'),
('3909170450081', 'Johanna ', 'Jojo', 'P O BOX 131188 NORKEM PARK', '1631', '(041)-(724)-(3675)', '(082)-(563)-(0961)', '(085)-(773)-(3202)', 'Jojo@privatemail.co.za', '4'),
('3911070339085', 'Tshepiso ', 'Ngwa', '188 BERNARDIE STREET CENTURION', '0157', '(051)-(342)-(1997)', '(075)-(284)-(3209)', '(069)-(938)-(1761)', 'TshNgwa@myweb.co.za', '3'),
('3912200408082', 'Phaiphai ', 'Mputhi', '9303 EXTENSION 1 SOSHANGUVE', '0152', '(056)-(742)-(2941)', '(073)-(943)-(8679)', '(077)-(202)-(9845)', 'Mpu@mailman.co.za', '2'),
('4003100886084', 'George ', 'Mhatlhe', '1 MOUNTAIN BREEZE ESTATE WATERFALL EAST', '0299', '(090)-(901)-(7137)', '(071)-(557)-(1855)', '(074)-(336)-(2832)', 'GeorgMh@mememail.org.za\'', '2'),
('400422050085', 'Adriaan', 'Fourie', '1134 13TH ROAD MIDRAND', '1682', '(090)-(749)-(3083)', '', '(084)-(115)-(6587)', 'AFourie@themail.com', '2'),
('4004220578084', 'Matthew ', 'Booysen', '10 MIDSOMER CRESCENT SOMERSET PARK', '4319', '(039)-(370)-(8432)', '(033)-(143)-(3745)', '(037)-(166)-(5231)', 'MatthBo@mailweb.org', '1'),
('4005040289082', 'Thomas ', 'De Wet', '88 ST DAVIDS ROAD MALVERN EAST EXT 3', '2007', '(012)-(981)-(2486)', '(063)-(494)-(7221)', '(019)-(182)-(8998)', '', '2'),
('4011110520082', 'Michael ', 'Samwell', '88341 EXTENSION 1 KWAXUMA', '1868', '(052)-(992)-(5950)', '(057)-(319)-(6896)', '(080)-(937)-(0706)', '', '2'),
('4102140915085', 'Mmabogadi ', 'Magutshwa', '313 THAKADU STREET MALULA PARK EXT 3 VOSLOORUS', '1475', '(051)-(978)-(7394)', '(081)-(971)-(2079)', '(032)-(249)-(3833)', 'MmaMag@mailman.co.za', ''),
('4103240120082', 'Livhuwani ', 'Pillay', '188 BOXER STREET, NORTHRIDING NORTHRIDING GAUTENG NOORDHANG UIT 188', '2188', '(035)-(541)-(3390)', '(055)-(290)-(6194)', '(042)-(329)-(6564)', '', '2'),
('4104200140083', 'Thomas', 'Mtyobile', 'BUILDING 3 SHOPRITE 1 WILLIAM DABBS ROAD BRACKENFELL', '7560', '(083)-(640)-(1066)', '(020)-(750)-(8998)', '(087)-(795)-(9269)', 'ThMt@themail.com', '1'),
('4106120248084', 'Gaotingwe', 'Nkabinde', 'UNIT 48 NINTH ON LEVER NOORDWYK', '1687', '(082)-(870)-(1925)', '(079)-(126)-(3644)', '(010)-(429)-(7466)', 'GaN@mememail.org.za\'', '2'),
('4110240825083', 'Devandren', 'Moshwela', '43880 MOUNT LOGAN STREET EXTENSION 4 LENASIA SOUTH EXT 4', '1829', '(074)-(102)-(2922)', '(062)-(200)-(5618)', '(040)-(115)-(8510)', '', '2'),
('4111180106083', 'Johannes ', 'Sayed', '880 ALBEN AVENUE EERSTERUS', '0022', '(092)-(742)-(8352)', '(091)-(167)-(8056)', '(031)-(343)-(2940)', 'JohanS@myweb.co.za', ''),
('4202160138084', 'Nomsa ', 'Van Eetveld', 'CARE VISION BUILDING M1 KARL BREMER HOSPITAL CNR JIP DE JAGER & FRANS C BELLVILLE', '7530', '(017)-(684)-(0684)', '(048)-(375)-(8703)', '(089)-(984)-(0368)', '', '2'),
('4204250189082', 'Byron ', 'Booysen', '88 STOCKTON ROAD BEREA', '5241', '(072)-(367)-(8364)', '', '(084)-(179)-(0812)', 'Booy@mailweb.org', '2'),
('4207260415085', 'Matthew ', 'Mahlangu', 'P O BOX 111 BRACKENFELL', '7561', '(017)-(200)-(1709)', '(024)-(101)-(8093)', '(083)-(973)-(9729)', 'MatMa@yeboyes.co.za', ''),
('4211180586086', 'Stacy ', 'Smith', 'DISCOVERY BUILDING 1 DISCOVERY PLACE SANDTON CITY', '2196', '(049)-(406)-(9996)', '(079)-(869)-(4968)', '(085)-(739)-(9439)', 'SSmi@mailweb.org', '1'),
('4302130387083', 'Eunice ', 'Le Masson', '19 MICHAEL STREET LINMEYER', '2190', '(033)-(677)-(7961)', '(022)-(428)-(5476)', '', 'EuLe M@yeboyes.co.za', '2'),
('4307190367081', 'Penelope', 'Dube', '988 ANN STREET CLAYVILLE EAST', '1666', '(039)-(391)-(8991)', '(059)-(376)-(0655)', '(095)-(817)-(2290)', 'PeneDu@myweb.co.za', '2'),
('4308010928085', 'Brian ', 'Ratshefola', 'P O BOX 1 MENLYN', '0063', '(018)-(387)-(1207)', '', '(093)-(347)-(1087)', 'BrRatsh@myweb.co.za', '2'),
('4401230403085', 'Cecil ', 'Swanepoel', 'ROOM 03 LEGAE 119 119 BREE STREET JOHANNESBURG', '2001', '(097)-(476)-(9632)', '(071)-(198)-(5937)', '(058)-(992)-(2711)', '', '2'),
('4403190822084', 'Phindile ', 'Tong', '88434 MOHLAPA STREET EXTENSION 14 MAHUBE VALLEY', '0122', '(081)-(721)-(4307)', '(036)-(538)-(2454)', '(056)-(938)-(7569)', 'PhiTong@themail.com', '4'),
('4403240664081', 'George ', 'Zawistowski', 'P O BOX 101118 MORELETA PLAZA', '0167', '(098)-(446)-(4395)', '(039)-(673)-(0391)', '(093)-(602)-(0892)', '', '2'),
('4410200801082', 'Nilukshi ', 'Shange', 'P O BOX 884 MORULA', '0196', '(076)-(103)-(4531)', '(022)-(516)-(8914)', '(087)-(338)-(1603)', 'NilShang@themail.com', ''),
('4504280921086', 'Rodger ', 'Bomela', '19131 SECTION M pretoria MAMELODI WEST', '0122', '(051)-(596)-(1096)', '(037)-(128)-(7714)', '(068)-(632)-(8048)', 'RBo@mailweb.org', ''),
('4508260675083', 'Chris', 'Mohaleamalla', '48 PROGRESS ROAD LINDHAVEN', '1724', '', '(045)-(328)-(2386)', '(056)-(578)-(7671)', '', '2'),
('4509140295084', 'Leshata ', 'Nhalungo', '31 MOHLAKWANA STREET ATTERIDGEVILLE', '0008', '(070)-(325)-(5060)', '(027)-(438)-(2476)', '(013)-(869)-(8523)', '', '2'),
('4509220879086', 'Vuyisile ', 'Ndou', '40 BUITEN AVENUE KELLYRIDGE RANDBURG', '2194', '(092)-(570)-(8963)', '(048)-(889)-(0863)', '(085)-(248)-(5438)', 'VNdou@mailweb.org', '2'),
('4510260369082', 'Nomvula ', 'Baulraj', 'HOUSE 31 - 18804 1 CARNATION CRESCENT EBONY PARK EXT 1', '1632', '(057)-(225)-(3056)', '(020)-(496)-(7366)', '(022)-(944)-(3343)', 'NomvBa@privatemail.co.za', '2'),
('4511070585086', 'Mcebisi ', 'Baloyi', '31 BIRD STREET 4 SILVERTONHILL PORT ELIZABETH', '6001', '(095)-(979)-(3460)', '(061)-(687)-(5206)', '(039)-(276)-(1991)', '', '2'),
('451201089085', 'Wisani ', 'Naidoo', 'HOUSE NO 111 LOSS MYCHERRY GA-KGAPANE DUIWELSKLOOF', '0835', '(025)-(686)-(9875)', '(017)-(701)-(5211)', '(036)-(720)-(4105)', '', '2'),
('4512030696084', 'Marianna ', 'Ndzutha', '8801 BEREA TOWERS PRETORIA', '0002', '(050)-(729)-(5090)', '(043)-(446)-(1989)', '(036)-(146)-(6188)', 'Ndzu@mememail.org.za\'', ''),
('4512220543086', 'Frans ', 'Mynhardt', '1314 DENNY KEKANE STREET KWAXUMA', '1868', '(081)-(523)-(3053)', '(067)-(698)-(6859)', '', '', '1'),
('4601060264085', 'Thato ', 'Mokoena', 'P O BOX 1813 SILVERTON', '0127', '(079)-(423)-(7645)', '(093)-(689)-(8711)', '(090)-(234)-(0285)', 'ThatMo@privatemail.co.za', '1'),
('4601060401083', 'Francois', 'Mathobela', 'UNIT 888 FOREST HILL 1 BRUSHWOOD LANE NORTHWOLD', '2188', '(098)-(850)-(1057)', '(036)-(784)-(1914)', '', 'FrancMatho@themail.com', '1'),
('4603230789086', 'Nkgopoleng ', 'Maritz', '13 LAURELEA 113 BLUNDELL ROAD ESCOMBE', '4093', '(064)-(748)-(3955)', '(037)-(482)-(9390)', '(034)-(594)-(2225)', 'Marit@privatemail.co.za', '2'),
('4605100562088', 'Ndivhuwo ', 'Easton', 'P O BOX 11330 HATFIELD', '0028', '(012)-(746)-(9790)', '(095)-(424)-(3548)', '(010)-(202)-(4187)', 'NdivhEas@mailman.co.za', '1'),
('4701240299087', 'Balungile ', 'Motsinone', 'P O BOX 819 ALLEN\'S NEK', '1737', '(061)-(512)-(8780)', '', '(080)-(114)-(3244)', '', ''),
('4702060556086', 'Tshilidzi', 'Iliev', 'P O BOX 1088 GROENKLOOF', '0027', '(062)-(427)-(3660)', '(059)-(980)-(5988)', '(052)-(325)-(1206)', '', '1'),
('47072706087', 'Chippa ', 'Shange', '33 MAXWELL ROAD LEVITICUS KEMPTON PARK', '1619', '', '(051)-(634)-(9247)', '(081)-(241)-(0799)', 'ChShang@myweb.co.za', '2'),
('4708110702087', 'Gert ', 'Lea', '831 VILLIA ITALIA 988 RATANGA ROAD CENTURY CITY , CAPE TOWN CENTURY CITY', '7441', '(022)-(440)-(6104)', '(033)-(699)-(7599)', '(031)-(628)-(8419)', '', '2'),
('4710160845084', 'Daisy ', 'Makwana', '103A CEDERBERG 113 HAMILTON STREET PRETORIA', '0002', '', '(068)-(127)-(4419)', '(043)-(201)-(7828)', 'DaMakwa@themail.com', '2'),
('47120603088', 'Itumeleng ', 'Makapela', '3 PENGUIN AVE LENASIA', '1827', '(048)-(608)-(3750)', '(022)-(873)-(7626)', '(099)-(417)-(7121)', 'ItumMakape@privatemail.co.za', '2'),
('4802050681086', 'Mubarak', 'Van Wyk', '311 MONOPATI FLAT 180 VISAGIE STREET PRETORIA', '0002', '(096)-(313)-(6489)', '(074)-(157)-(8867)', '(074)-(203)-(4931)', 'Van@yeboyes.co.za', ''),
('4804180882084', 'Emmanuel', 'Mhlarhi', '13188 PHOMOLONG ZASTRON', '9950', '(033)-(953)-(6591)', '(035)-(121)-(2717)', '', 'EmmMh@mailweb.org', '2'),
('4812160561083', 'Nkgopoleng ', 'Spengane', 'P O BOX 198888 SOVENGA', '0727', '(056)-(592)-(1537)', '', '(042)-(294)-(6599)', 'Speng@privatemail.co.za', '1'),
('4901240565082', 'Pedron ', 'Masuku', '4430 SOMGEZI STREET CULLINAN', '1000', '(065)-(224)-(3950)', '(068)-(741)-(1747)', '(042)-(364)-(0294)', 'PedrMas@mailman.co.za', ''),
('4905080506087', 'Wilna', 'Lukasu', '419 JEFF\'S PLACE 133 FRANCIS BAARD STREET CENTRAL', '0002', '(056)-(945)-(7708)', '(088)-(583)-(9678)', '(075)-(931)-(0307)', '', '2'),
('4905210696087', 'Sheldon ', 'Sethole', 'P O BOX 888988 CENTURION', '0046', '(064)-(523)-(5918)', '(039)-(951)-(3641)', '(021)-(493)-(7839)', 'S@yeboyes.co.za', '2'),
('4906270884086', 'Nompumelelo', 'Tsotetsi', 'HOUSE NO 118840 EVATON WEST EXT 11', '1984', '(023)-(692)-(8878)', '(047)-(939)-(0080)', '(010)-(941)-(8997)', '', '1'),
('490705046088', 'Ayanda', 'Mlawuli', '18888 WATERBOK STREET NINAPARK', '0182', '(083)-(260)-(2972)', '', '(091)-(257)-(9320)', 'AyaMlawul@mailweb.org', ''),
('4909110460081', 'Johannes ', 'Baale', '888 TIJGER VILLAS OLD OAK ROAD BELLVILLE', '7530', '(039)-(774)-(3214)', '(043)-(177)-(4244)', '(024)-(500)-(6800)', '', ''),
('491010022086', 'Kivan', 'Dambuza', '3088 AUGUSTA FFLAT 8831 LIEVAART STREET PRETORIA WEST', '0183', '(066)-(940)-(2054)', '(015)-(865)-(4063)', '(020)-(605)-(0603)', 'Damb@mailweb.org', '2'),
('4910190324088', 'Mduduzi ', 'Masungwini', 'NATIONAL BANK HOUSE 1ND FLLOR 40 SIMMONDS STREET JOHANNESBURG', '2001', '(088)-(900)-(2930)', '(093)-(850)-(9212)', '(069)-(330)-(0239)', 'MdudM@myweb.co.za', '1'),
('4911280960085', 'Mamahooe ', 'Shoko', '183 SWARTGOUD STREET 188 MOVADO WINCHESTER HILLS', '2091', '(017)-(470)-(7662)', '(047)-(169)-(4332)', '(073)-(637)-(1665)', 'MamS@themail.com', '2'),
('5001070584088', 'Linda', 'Brook', '1388 FLOWERS STR CAPITAL PARK', '0084', '(025)-(119)-(3729)', '(035)-(668)-(7713)', '(019)-(913)-(8638)', 'LindaBrook@mailman.co.za', '2'),
('5001110128088', 'Rene', 'Gumbi', '31388 LUTESIUM STREET CLAYVILLE EXT188 OLIFANTSFONTEIN', '1666', '(053)-(271)-(5660)', '(051)-(228)-(7636)', '(036)-(516)-(6153)', 'Gu@themail.com', '2'),
('5002080660085', 'Tlou ', 'Mabotja', '1 DARTMOOR CL TABLE VIEW', '7441', '(047)-(389)-(5659)', '(082)-(606)-(7726)', '(013)-(473)-(6015)', 'TloM@mememail.org.za\'', '2'),
('5002180199088', 'Tshepiso ', 'Ekanayake', 'P O BOX 830 SIYABUSWA', '0472', '(041)-(876)-(6597)', '(036)-(156)-(9914)', '(017)-(557)-(5732)', '', '2'),
('5007040974083', 'Calvin', 'Rosser', 'W108888 WINNIE MANDELA ZONE 11', '1632', '(073)-(165)-(7166)', '', '(053)-(805)-(4989)', 'CalvRosser@myweb.co.za', '4'),
('5008230824086', 'Daisy ', 'Machabaphala', 'P O BOX 114 HERMANUS', '7200', '', '(044)-(955)-(0975)', '(098)-(641)-(6338)', 'DaisyM@mailweb.org', '4'),
('5009140926088', 'Olga', 'Lehola', '38803 EXT1 LEHAE', '1829', '(092)-(748)-(6426)', '(048)-(258)-(9701)', '(086)-(992)-(2147)', 'Lehola@themail.com', '2'),
('5102060208085', 'Michiel ', 'Soare', 'P O BOX 88048 MMABATHO', '2735', '(022)-(311)-(3788)', '(069)-(264)-(1791)', '(063)-(793)-(3455)', '', ''),
('510523033088', 'Fezile', 'Nkabinde', '31 BOPHELO ROAD HWS BUILDING NORTH PRETORIA', '0002', '(028)-(662)-(6165)', '(017)-(982)-(2477)', '', '', ''),
('5109040274081', 'Nthabiseng ', 'Banga', '30 NIKKEL STREET 8848 SILVERSTONE COUNTRY ESTA MONAVONI', '0157', '(045)-(111)-(1629)', '(015)-(228)-(5436)', '(022)-(168)-(1266)', 'NthBan@myweb.co.za', ''),
('5109080251088', 'Jaco ', 'Matji', '11 SPELTER TERRACE WEST PARK', '0183', '(040)-(363)-(7084)', '(081)-(729)-(9235)', '(055)-(897)-(2553)', 'Jaco Matj@themail.com', '4'),
('510915039082', 'Chrisna', 'Malemone', 'UNIT 4 MARMONT PLACE 880 DAISY STREET ROSETTENVILLE', '2190', '', '(093)-(902)-(8011)', '(028)-(196)-(7457)', 'M@mailweb.org', ''),
('511127046082', 'Edwin', 'Dlamini', 'P O BOX 8840 PRETORIA', '0001', '(081)-(575)-(2418)', '(041)-(381)-(4846)', '', 'EdDlam@mememail.org.za\'', '2'),
('51454154554554', 'MMMM', 'dsjdnjsdnsjd', 'memkjededn', 'jdfj', '(054)-(054)-(8545)', '(004)-(545)-(4545)', '(045)-(448)-(4848)', 'mmmm@hkndf.com', '1'),
('5202230409086', 'Thobani ', 'Sehume', '8809 TRANS BURGER 308 JEFF MASEMOLA PRETORIA', '0002', '(047)-(335)-(2479)', '(070)-(424)-(3994)', '(083)-(104)-(7613)', '', ''),
('5206110625085', 'Mduduzi', 'Mangena', '1 ANTONIE BOTES STREET, 8888 MONTANA TUINE, MONTANA GARDENS, MONTANA,0181 MONTANA', '0182', '(060)-(112)-(2791)', '(040)-(808)-(8039)', '(011)-(887)-(0096)', 'MMang@yeboyes.co.za', '2'),
('5209150693082', 'Hendrick ', 'Tyhalithi', '194 LUNNON RD HILLCREST', '0083', '(023)-(905)-(3672)', '(027)-(398)-(3285)', '(064)-(229)-(6225)', 'HendTyh@yeboyes.co.za', '2'),
('521023092081', 'Edwin ', 'Nkune', '116654 GOLDEN STREET MAMELODI EAST', '0122', '(074)-(978)-(8437)', '(025)-(336)-(4813)', '', 'EdwNkune@yeboyes.co.za', '1'),
('5210250933083', 'Mmadineo ', 'Cobokana', '188 KRUIS STREET 1 GEORGIAN PALMS BRACKENFELL SOUTH', '7560', '(088)-(459)-(8346)', '(082)-(143)-(0243)', '(010)-(926)-(7003)', 'MmCob@mailman.co.za', '2'),
('5212190473083', 'Celeste ', 'Fourie', 'P O BOX 130 NOORDWYK', '1687', '', '(080)-(520)-(4205)', '(065)-(409)-(8949)', 'CeFou@mememail.org.za\'', ''),
('5304280232082', 'Nthateng ', 'Songo', '1 DROPHY STREET BLOEMENDAL', '6059', '(083)-(279)-(1103)', '(037)-(364)-(4960)', '(053)-(664)-(0353)', 'NSongo@mailman.co.za', '1'),
('530628013085', 'Modisaotsile ', 'Van Rensburg', 'GG 1883 NDYEBO STREET TOWN 1 KHAYELITSHA', '7784', '', '(029)-(585)-(1426)', '(019)-(686)-(2915)', 'ModisVan@myweb.co.za', '2'),
('5307060340088', 'Nobubele ', 'Ndlovu', '3188 MADIBA STREET NERSA BUILDING PRETORIA', '0002', '(049)-(976)-(9390)', '(052)-(442)-(9922)', '(047)-(265)-(2520)', 'NobNd@yeboyes.co.za', '2'),
('5308230754082', 'Segrin ', 'Mudzinganyama', '88884 BERGVESTING FLAT NO 8808 PRETORIOUS STREET ARCADIA', '0083', '(083)-(889)-(4509)', '(063)-(738)-(9833)', '(094)-(198)-(8791)', '', '1'),
('531127094084', 'Shaun ', 'Naidoo', '11139 EXT 4 MAMELODI EAST RETHABILE', '0122', '(016)-(554)-(7714)', '(017)-(158)-(6412)', '(081)-(662)-(9948)', '', '1'),
('5404130544086', 'Oteng ', 'Moloisane', '33 PEBBLE SANDS MOOIKLOOF RIDGE ESTATE MOOIKLOOF RIDGE', '0081', '(074)-(867)-(6318)', '(033)-(599)-(5134)', '(090)-(558)-(6014)', '', ''),
('5405270193088', 'Moses', 'Ketelo', 'P O BOX 88565 MAKADIKWE', '1062', '(022)-(468)-(3821)', '(055)-(877)-(0279)', '(059)-(848)-(6973)', '', ''),
('545454545484854', 'hjdsjdjnj', 'jkdfjfjdnjkwn', 'kdigjijgirjgi', '0454', '(011)-(111)-(1111)', '(111)-(111)-(1111)', '(011)-(111)-(1111)', 'mbejdfejfn@jdnjf.ckikcnksd', '1'),
('5502200833083', 'Mabokale ', 'Nhalungo', 'UNIT 9 TROUPANT VILLAGE 14 TROUPANT AVENUE MAGALIESIG', '2191', '(066)-(232)-(4505)', '(018)-(655)-(7338)', '(022)-(132)-(9140)', '', ''),
('5505090581082', 'Moyahabo ', 'Maboko', 'NO 19A HUDSON AVENUE VINCENT', '5247', '(027)-(341)-(6603)', '(063)-(370)-(1534)', '(031)-(333)-(7862)', 'MoMabok@myweb.co.za', '2'),
('5505120413085', 'Bernard', 'Dinna', '56503 SECTION R MAMELODI WEST', '0122', '(023)-(722)-(4756)', '', '(019)-(687)-(6773)', 'BDi@yeboyes.co.za', ''),
('5505230875081', 'Rene', 'Van Huissteden', '188 J ELK PLACE PHILIP NEL PARK', '0183', '(072)-(391)-(4271)', '(048)-(309)-(6205)', '(056)-(306)-(1631)', 'V@myweb.co.za', '2'),
('5507130805081', 'Mosima ', 'Webb', '19 OLIFANT STREET ELANDSFONTEIN', '1601', '(033)-(418)-(6181)', '(087)-(457)-(4550)', '(063)-(429)-(8017)', 'W@myweb.co.za', '1'),
('5507140417085', 'Derrick ', 'Busuku', '31988 NEFEFE STREET TSHIAWELO', '1818', '(073)-(465)-(1581)', '(077)-(162)-(6894)', '(015)-(843)-(2058)', 'DeBus@mailman.co.za', ''),
('5510220761085', 'Chrisna', 'Smits', '14 ADRIAN AVENUE REMBRANDT RIDGE', '2090', '', '(086)-(854)-(9438)', '(038)-(353)-(8963)', 'ChriSm@privatemail.co.za', '2'),
('5512080417086', 'Shelden', 'Ledwaba', '8888 SAUER STREET JRA BUILDING JOHANNESBURG', '2001', '(043)-(898)-(4456)', '(064)-(390)-(9351)', '(051)-(724)-(8675)', 'ShelL@privatemail.co.za', '2'),
('5512160318087', 'Glen ', 'Mavimbela', '40 QUATAR CRESCENT COSMO CITY EXT 10', '2188', '(016)-(646)-(7619)', '(091)-(537)-(1151)', '(019)-(884)-(2716)', '', '2'),
('5602060518087', 'Tshepo ', 'Julies', '111 FRANGIPANI STREET AZAADVILLE GARDENS RANDFONTEIN', '1759', '(030)-(999)-(6368)', '(072)-(577)-(8957)', '(084)-(569)-(2643)', 'TshJulies@yeboyes.co.za', '2'),
('5608010370088', 'Emil', 'Snyman', '10 ARISTEA CRESCENT GORDONS BAY MOUNTAIN SIDE', '7140', '(015)-(632)-(5114)', '(048)-(474)-(2514)', '', '', '1'),
('5608060712087', 'Johnson', 'Pillay', '43 GORDON OVAL, FIFTH STREET BERGBRON', '1709', '(026)-(617)-(5105)', '(050)-(299)-(1990)', '(096)-(718)-(9333)', '', '1'),
('5608240727082', 'Tshilidzi', 'Terry', '8841 REINDERS AVENUE PRETORIA NORTH', '0182', '(081)-(943)-(2153)', '(086)-(854)-(4925)', '', 'TTerry@yeboyes.co.za', '4'),
('5612220214081', 'Tshepang ', 'Rudolph', 'P O BOX 188888 LWAMONDO', '0985', '(090)-(597)-(7657)', '(074)-(808)-(8208)', '(090)-(174)-(6045)', 'Rudolp@privatemail.co.za', '2'),
('5703210321082', 'Patrick', 'Faleni', '9 TRINITY GARDENS 1889 EFFINGHAM ROAD EFFINGHAM HEIGHTS', '4051', '(028)-(137)-(1874)', '(054)-(350)-(2005)', '(090)-(705)-(8636)', 'PFal@mememail.org.za\'', '2'),
('5704100297086', 'Amukelani ', 'Seloana', 'BARBET STREET UNIT 11 MONTEROSSO ESTATE HALFWAY GARDENS', '1686', '(016)-(998)-(1168)', '', '(019)-(106)-(6210)', 'Seloan@myweb.co.za', '1'),
('5705080129087', 'Pauline ', 'Ndala', '133 - 11TH AVENUE HIGHLANDS NORTH', '2192', '(089)-(780)-(7126)', '(082)-(673)-(9621)', '(029)-(161)-(1743)', 'PNdala@mememail.org.za\'', ''),
('5706150123087', 'Pauline ', 'Semenya', 'UNIT 11 AMBER BLUFF MUSTANG CLOSE BELLAIRS PARK EXT 3', '2162', '(095)-(147)-(7601)', '(085)-(393)-(3113)', '(092)-(412)-(9899)', 'PauSeme@themail.com', '2'),
('5706200140082', 'Masekhanyane', 'Mothupi', '883 VON BRANDISSTREET KRUGERSDORP', '1739', '(074)-(680)-(1048)', '(060)-(224)-(0633)', '(063)-(398)-(8248)', 'MaM@mailweb.org', '5'),
('5710230923081', 'Precious ', 'Matlakeng', 'P O BOX 19188 BROMHOF', '2154', '(036)-(676)-(5604)', '(068)-(325)-(0303)', '(044)-(804)-(4964)', '', ''),
('5711110485087', 'Vusi ', 'Bethlehem', '303 JANFE SUNNYSIDE', '0002', '(047)-(601)-(8014)', '(027)-(911)-(9283)', '(094)-(887)-(0945)', 'VuBeth@mailweb.org', '2'),
('5801140101084', 'Tomek ', 'Mshaisa', '304 CORDOBA 4889 PROES STREET ARCADIA', '0083', '(022)-(652)-(6557)', '(062)-(677)-(1817)', '(047)-(734)-(5542)', '', '1'),
('580512061088', 'Bernhardt ', 'Magutshwa', 'P O BOX 813 MASHASHANE', '0743', '(078)-(471)-(8574)', '', '(056)-(458)-(1618)', 'BernhMa@yeboyes.co.za', '2'),
('5805130165085', 'Phuti ', 'Van Der Merwe', '489 HILLGROVE DRIVE NEWLANDS WEST', '4037', '(068)-(384)-(9562)', '(099)-(292)-(4943)', '(053)-(918)-(6980)', 'PhutVan De@themail.com', '2'),
('5809170914084', 'Cobus ', 'Sebate', '193 VERBERNA CRESCENT GREENFIELD', '1458', '', '(056)-(600)-(8794)', '(077)-(103)-(5524)', 'CobusSebate@privatemail.co.za', '2'),
('5809250392081', 'Kaylen', 'Selabe', '990 SULGRARE RD FOURWAYS', '2191', '(076)-(155)-(8833)', '(079)-(482)-(7304)', '(067)-(636)-(8241)', 'KSela@mememail.org.za\'', '2'),
('5901150381088', 'Lebogang ', 'Seanego', '19 MILCLIFF ROAD 31 BRYANSTON MANOR PAULSHOF', '2191', '(074)-(867)-(0866)', '(045)-(914)-(6862)', '(039)-(448)-(7804)', '', '1'),
('5902220915081', 'Goratamang ', 'Zwakala', 'P O BOX 888888 KYALAMI', '1684', '(048)-(246)-(0972)', '(042)-(915)-(8772)', '(037)-(125)-(0185)', '', ''),
('5907270761084', 'Mxoleleni ', 'Nkosi', '11 ALEXANDER AVENUE FOURWAYS', '2191', '(061)-(599)-(8762)', '(029)-(729)-(7946)', '(060)-(369)-(7411)', '', '2'),
('5910030388087', 'Reinhard', 'Msomi', 'P O BOX 1134 BENONI', '1500', '(095)-(380)-(6431)', '(049)-(136)-(8400)', '(079)-(978)-(1752)', 'ReinMsomi@mailweb.org', '2'),
('6005080590081', 'Moses', 'Semenya', '1988 RICHMOND PARK BERYL STREET OAKDENE', '2190', '(055)-(634)-(2084)', '(089)-(575)-(4753)', '(034)-(542)-(5080)', 'Seme@privatemail.co.za', '1'),
('6102220345081', 'Busisiwe', 'Saunderson', 'NO 111 1ST FLOOR BIBLIO PLAZA RUSTENBURG', '0299', '(098)-(465)-(3325)', '', '(034)-(888)-(6748)', 'BusisSaun@privatemail.co.za', '2'),
('6107030710088', 'Muhammad', 'Mokopi', 'UNIT 889 ENCORE 43 MOZART LANE SAGEWOOD EXT.19 SAGEWOOD', '1685', '(074)-(926)-(4805)', '(077)-(445)-(1993)', '(063)-(327)-(5389)', '', '2'),
('6111040850088', 'Phaphama', 'Duminy', '88 ORMSKIRK HALL 19 OXFORD ROAD WINDERMERE', '4001', '(094)-(643)-(8114)', '(060)-(183)-(7274)', '(059)-(753)-(9862)', '', '2'),
('6111260929085', 'Nomalizo ', 'Malemone', '31 ALGIEBA, EASTERN LANE LUBBE ROUGE STREET WILGEHEUWEL EXT 88', '1724', '(082)-(283)-(4778)', '(040)-(228)-(7280)', '(040)-(924)-(6759)', 'NoMal@themail.com', '2'),
('6112060275088', 'Magda', 'Peter', 'P O BOX 11303 THE TRAMSHED', '0126', '(087)-(397)-(4070)', '(029)-(475)-(1303)', '(088)-(990)-(3159)', 'Peter@myweb.co.za', '2'),
('6201140807084', 'Nicholas', 'Mdaka', '43 NAPA VALLEY, 110 PUTTICK AVE SUNDOWNER', '2188', '(085)-(468)-(8449)', '(071)-(388)-(2254)', '(058)-(834)-(5145)', '', '2'),
('6204260308088', 'Nomvula ', 'Mahlangu', 'P O BOX 11484 HATFIELD', '0028', '(021)-(917)-(1095)', '(044)-(198)-(0320)', '(062)-(115)-(8096)', 'NomMahla@mememail.org.za\'', '1'),
('6207220448088', 'Ramadimetja ', 'Metene', '409 STAND, BLOCK L SOSHANGUVE', '0152', '(077)-(265)-(3122)', '(085)-(525)-(9252)', '(084)-(765)-(4873)', '', '4'),
('6209040562083', 'Neil', 'Makgatho', '88 WALE STREET CAPE TOWN', '8001', '(025)-(747)-(4580)', '(026)-(665)-(0004)', '(089)-(390)-(2427)', 'NMakgat@mememail.org.za\'', '2'),
('630710012087', 'Francois', 'Mosehane', '148 CHAUCER AVENUE 1 NEW HAVEN ROODEPOORT', '1724', '(036)-(100)-(8445)', '(014)-(544)-(2727)', '', 'FranM@themail.com', '2'),
('6308240548084', 'Mduduzi ', 'Buys', '01 PLEIN ST 1101 ANCHOR TOWER JOHANNESBURG', '2001', '(067)-(592)-(4440)', '(098)-(839)-(0382)', '(097)-(837)-(1515)', 'MdB@yeboyes.co.za', '1'),
('6310200940086', 'Dalisu ', 'Koeries', 'P O BOX 1343 GARSFONTEIN', '0042', '', '(069)-(425)-(6788)', '(096)-(395)-(2893)', '', '2'),
('6311250169086', 'Cilia ', 'Patel', '4113 BOPHELONG 88 VANDERBIJLPARK', '1911', '', '(048)-(787)-(8265)', '(024)-(890)-(9083)', 'CilPatel@myweb.co.za', ''),
('6401240516085', 'Trevor ', 'Monyela', 'UNIT 883 UNIVILLE 1144 PIERNEEF STREET VILLIERIA', '0186', '(021)-(668)-(6033)', '(061)-(353)-(2907)', '(088)-(951)-(7245)', 'Mony@privatemail.co.za', '1'),
('6404030447088', 'Fezeka ', 'Oluwaleye', '944 HANS COVERDALE NORTH EERSTERUS EXT 88', '0022', '(027)-(983)-(0079)', '(099)-(714)-(8415)', '', 'Oluwa@myweb.co.za', '2'),
('6404210377085', 'Nkhetheni ', 'Cele', '11 NAMIB MARITZ CLOSE HONEYDEW RIDGE', '2170', '(070)-(126)-(5023)', '(018)-(287)-(2369)', '(013)-(266)-(4876)', '', '1'),
('6404230631085', 'Zukisa', 'Oloyede', '13119 HONGA STREET MAMELODI EXT 4', '0122', '(011)-(997)-(6564)', '(045)-(622)-(5791)', '(015)-(145)-(3663)', 'ZukOlo@mailman.co.za', '1'),
('640428082086', 'Shane ', 'Matshazini', '43 SIMONSIG CRESCENT KLEIN GROENENDAL DE BRON', '7530', '(011)-(405)-(4850)', '(029)-(114)-(2426)', '(087)-(364)-(9226)', '', '2'),
('6408200513081', 'Jade ', 'Ramoipone', 'P O BOX 14888 BROOKLYN SQUARE', '0075', '(076)-(546)-(2450)', '(062)-(318)-(5630)', '(072)-(631)-(2719)', 'JadRa@myweb.co.za', ''),
('6412050862088', 'Mmasale ', 'Makhubu', '39 MARACANA COMPLEX SHARON STREET STRUBENS VALLEY', '1724', '(034)-(322)-(1264)', '(067)-(529)-(4115)', '(084)-(881)-(2689)', '', ''),
('6412170702085', 'Shaun ', 'Van Rooyen', '5650 EDWIN STREET MORELETAPARK EXT 1', '0181', '(088)-(797)-(7508)', '(068)-(361)-(4963)', '(030)-(608)-(3145)', 'SVan@yeboyes.co.za', '2'),
('650402056081', 'Ruduwhan ', 'Khuluse', '149 MATLHONYANE VILLAGE MAHIKENG', '2745', '(091)-(620)-(1011)', '(013)-(327)-(1182)', '(071)-(816)-(8080)', 'RudKhu@yeboyes.co.za', '1'),
('6507050556081', 'Kgabo ', 'Mahlagaume', '13 PINEWOOD CRESCENT LANGEBERG RIDGE', '7550', '(026)-(311)-(3299)', '(013)-(497)-(3392)', '(015)-(560)-(3235)', 'Mahl@mailweb.org', '4'),
('6507070463082', 'Celeste ', 'Masilo', '108888 ARCADIA STREET HATFIELD', '0083', '', '(081)-(892)-(4571)', '(033)-(753)-(7002)', 'Masi@myweb.co.za', '2'),
('6507120107086', 'Tshepang ', 'Lourens', '1191 KRANSBERG STREET KIRKNEY EXT 44', '0183', '(089)-(675)-(2717)', '(060)-(182)-(6479)', '(046)-(614)-(8110)', 'TLour@mailweb.org', '4'),
('6509050392085', 'Selson', 'Mthiyane', '108 MARIA FEDEROVA STREET DANVILLE EXT 9', '0183', '(090)-(651)-(1547)', '(065)-(191)-(9374)', '(094)-(168)-(8326)', 'SelsMthiya@mailweb.org', ''),
('6509220788082', 'Jurgen', 'Mokgerepi', '4 BLAIRVIEW 114 TENTH AVENUE MORNINGSIDE', '4001', '(044)-(912)-(3347)', '(064)-(723)-(9881)', '(034)-(907)-(1918)', '', ''),
('6511130973087', 'Kalaivani', 'Rosser', '31 STRATFORD COMPLEX CNR WATERLOO & SLOANE BRYANSTON', '2191', '(028)-(670)-(0295)', '(057)-(746)-(5893)', '(040)-(718)-(8308)', 'KalaiRosse@themail.com', '1'),
('6602070398082', 'Thandokazi', 'Lauder', '484 PELE STREET BLOCK XX SOSHANGUVE SOUTH BLOCK XX', '0152', '(012)-(117)-(7148)', '(069)-(353)-(6003)', '(023)-(227)-(6111)', 'ThanLaud@mailman.co.za', ''),
('6603100144082', 'Otsile', 'Kubheka', '13TH ROAD SAN RIDGE HEIGHTS, BLOCK 11 UNIT 133 NOORDWYK', '1687', '(058)-(930)-(8608)', '(054)-(212)-(1633)', '(046)-(245)-(6766)', '', '2'),
('6605260331087', 'Culnescia', 'Makhubela', '13 ZEBRA STREET FAUNA PARK POLOKWANE', '0699', '', '(085)-(104)-(8112)', '(027)-(200)-(3441)', 'CulneMakhu@themail.com', '2'),
('660620054086', 'Cliff', 'Kunene', '13134 MAMELODI EAST RAKGWALE STREET RETHABILE', '0122', '', '(039)-(970)-(7777)', '(036)-(753)-(3557)', 'CKune@themail.com', '2'),
('6607010903082', 'Olaleye ', 'Madula', '9880 KILIMANJARO STREET KLIPFONTEIN VIEW', '1685', '(058)-(939)-(1408)', '(049)-(191)-(2837)', '(036)-(222)-(6594)', 'OlaleMadula@mailman.co.za', ''),
('6609200993085', 'Victor ', 'Le Clus', '181 HLALAKAHLE STREET MORETELE VIEW', '0122', '(020)-(648)-(1963)', '(063)-(880)-(9800)', '(015)-(271)-(1015)', 'VictLe @mememail.org.za\'', '2'),
('670305077081', 'Shephard ', 'Kitinya', 'P O BOX 14883 RUIMSIG', '1732', '(019)-(143)-(0520)', '(056)-(896)-(8974)', '(099)-(400)-(1295)', '', '2'),
('6705050635085', 'Dalisu ', 'Lehloka', '11 GRASVOEL LEFDE EN VREDE MULBARTON', '2190', '', '(072)-(349)-(6273)', '(097)-(555)-(1952)', '', '2'),
('6705220156081', 'Mahlatse ', 'Busuku', 'P O BOX 84988 HALFWAY HOUSE', '1685', '(018)-(860)-(1358)', '(035)-(359)-(9266)', '(099)-(125)-(2515)', 'MahBu@yeboyes.co.za', '2'),
('6706090775083', 'Jaco', 'Koopman', 'UNIT 13 SUNSET VALE SWARTGOUD STREET WINCHESTER HILLS', '2091', '(040)-(564)-(4216)', '(024)-(938)-(5046)', '(079)-(378)-(1537)', 'JacKoo@mailman.co.za', '2'),
('6706260635082', 'Kehinde ', 'Phoshoko', 'C10488 UMLAZI', '4066', '(054)-(693)-(5568)', '(094)-(539)-(1422)', '(086)-(406)-(4173)', 'KeP@themail.com', '1'),
('6711170133088', 'Sven ', 'Teane', '10 MUSWELL ROAD BRYANSTON', '2191', '(065)-(419)-(1811)', '(023)-(926)-(6059)', '(015)-(703)-(4229)', '', '2'),
('6802050633083', 'Precious ', 'Hucklesby', '8 SHORT PLACE 3 PETSHELL PINETOWN', '3610', '(037)-(411)-(4583)', '(077)-(878)-(7586)', '(045)-(384)-(3085)', 'PrecHuck@yeboyes.co.za', '2');
INSERT INTO `tblclientinfo` (`client_ID`, `c_name`, `c_surname`, `address`, `code`, `c_tel_h`, `c_tel_w`, `c_tel_cell`, `c_email`, `reference_ID`) VALUES
('6803010610087', 'Ricardo ', 'Malapela', '88388 SILVERSTONE ESTATE 3 BELIZE CLOSE NIKKEL STREET MONAVONI EXT 88', '0157', '(024)-(982)-(3230)', '(062)-(798)-(1674)', '(055)-(831)-(7727)', 'RMalape@yeboyes.co.za', ''),
('6803160923084', 'Lionel ', 'Reinke', '11 WORSHOND CLOSE AUSTIN VIEW AUSTINVIEW EXT 1', '1685', '(092)-(354)-(4312)', '(016)-(745)-(2552)', '(030)-(217)-(1102)', 'LR@myweb.co.za', '2'),
('6808120518082', 'Nthateng ', 'Ponnusamy', 'P O BOX 1001 NEANDERTAL', '0714', '(093)-(540)-(9295)', '(099)-(819)-(0642)', '(092)-(656)-(4161)', 'Ponn@privatemail.co.za', '2'),
('681014062082', 'Louis ', 'Kearley', '11 PENDORING ROAD KLIPPOORTJIE', '1459', '(067)-(873)-(1274)', '(037)-(752)-(2601)', '(030)-(239)-(6437)', '', '3'),
('6810160795088', 'Precious ', 'Bodenstein', '13 JOHN BAILIE ROAD BUNKERS HILL', '5241', '(067)-(526)-(9343)', '(051)-(139)-(3804)', '(067)-(650)-(6172)', 'PB@themail.com', '3'),
('6907130694085', 'Hendrik ', 'Enyanga', 'P O BOX 11988 CULLINAN', '1000', '(084)-(491)-(8832)', '(058)-(339)-(9257)', '(029)-(481)-(6737)', '', '2'),
('6909200583086', 'Itumeleng ', 'Harri', '18889 JOHNMASEFIELD MONDEOR', '2091', '(090)-(318)-(7347)', '(077)-(269)-(1138)', '(050)-(764)-(0637)', '', '2'),
('6910130773087', 'Regine', 'Prinsloo', 'BROOKLANDS 3-039 PRIVATE BAG X1 RASLOUW', '0109', '(044)-(978)-(5365)', '(053)-(575)-(8334)', '(055)-(120)-(0742)', '', ''),
('7001190645085', 'Nilukshi ', 'Mokoena', '188 PHILLIP STREET KILNER PARK', '0186', '(071)-(681)-(0489)', '(065)-(173)-(1453)', '(034)-(728)-(2849)', 'NilukMok@mememail.org.za\'', '3'),
('7002130927081', 'Christopher ', 'Matlhaba', '8830 A SCHRADER ROAD MEADOWLANDS', '1852', '', '(087)-(806)-(6143)', '(030)-(797)-(7683)', '', '3'),
('7003050348086', 'Nontshumayelo ', 'Muniappen', '139 N U 14 MDANTSANE', '5219', '(044)-(580)-(2936)', '(084)-(285)-(2806)', '(023)-(156)-(5918)', 'NonM@privatemail.co.za', '2'),
('7004060440082', 'Gaotingwe', 'Jeffries', '14 ELDORADO STREET BONAERO PARK EXTENSION 1 KEMPTON PARK', '1619', '(060)-(996)-(2263)', '(039)-(228)-(5123)', '(080)-(322)-(8180)', 'Je@yeboyes.co.za', ''),
('7009130331088', 'Selson', 'Moeketsi', 'P O BOX 11488 HOEDSPRUIT', '1380', '(060)-(899)-(6510)', '(092)-(509)-(0566)', '(060)-(202)-(2965)', 'SeMoeke@yeboyes.co.za', '2'),
('7101110702082', 'Matete', 'Zaverdinos', 'UNIT 310 THE HUB 31 STRAND STREET WALMER EST', '7925', '(071)-(940)-(1110)', '(061)-(556)-(4855)', '(069)-(639)-(5064)', 'Zav@privatemail.co.za', '2'),
('7106160389084', 'Cedric ', 'Mason', '8 SASKIA 1114 KARRIBOOM STREET MOREGLOED', '0186', '', '(019)-(309)-(1474)', '(068)-(578)-(3882)', 'M@mailman.co.za', '2'),
('7107150227081', 'Mzukisi', 'Sithole', 'P O BOX 883 MOOKETSI', '0825', '(068)-(690)-(4942)', '(049)-(928)-(5910)', '(022)-(579)-(5022)', 'MSi@yeboyes.co.za', '1'),
('7108280360087', 'Maria ', 'Vorster', 'P O BOX 1105651 BIZANA', '4800', '(089)-(451)-(1674)', '(041)-(199)-(8401)', '(098)-(174)-(3341)', '', ''),
('7202270202087', 'Katlego', 'Gondo', 'IVORY PARK 11431 MIDRAND', '1682', '(041)-(167)-(5489)', '(058)-(277)-(7598)', '(045)-(487)-(2696)', 'KatG@yeboyes.co.za', '2'),
('7203030169082', 'Yaseen', 'Mabena', 'BROADWAY HEIGHTS (FLAT 3) 48 OPPERMAN STREET KLIPFONTEIN', '1034', '(064)-(905)-(6712)', '(038)-(490)-(0865)', '(048)-(378)-(6073)', 'YaseMa@mailweb.org', '2'),
('7205020213082', 'Leesha', 'Phindiso', 'P O BOX 1113 HAMMANSKRAAL', '0400', '(059)-(183)-(2997)', '(089)-(604)-(9637)', '(098)-(864)-(0585)', '', '2'),
('7205120917082', 'Richard ', 'Banga', 'UNIT 188 COUNTRY LIFE PARK 39 WITNEY STREET BRYANSTON', '2191', '(071)-(497)-(1338)', '(078)-(167)-(3492)', '(033)-(900)-(5511)', 'B@mememail.org.za\'', '2'),
('7212170290085', 'Daniel ', 'Buissinne', '40 EDGECLIFF DRIVE KLOOF', '3610', '', '(063)-(565)-(0385)', '(042)-(860)-(9046)', 'DaniB@myweb.co.za', '5'),
('7303120569085', 'Letsoni ', 'Tshabalala', 'P O BOX 1304 ESIKHAWINI', '3887', '(095)-(467)-(4481)', '(046)-(282)-(2908)', '(067)-(239)-(4674)', '', '2'),
('7306050161086', 'Kishan', 'Masala', '1 PRELLER STREET PRETORIA', '0002', '(038)-(200)-(0327)', '(013)-(149)-(3803)', '(098)-(716)-(3189)', 'KiM@mememail.org.za\'', '2'),
('730823030086', 'Ngwagu ', 'Horwell', 'P O BOX 188565 HALFWAY HOUSE', '1685', '(013)-(149)-(9853)', '(085)-(637)-(0929)', '(080)-(598)-(9701)', 'NgHo@themail.com', '4'),
('7309060944088', 'Paul ', 'Mongake', 'NO 4 PARR STREET DENEYSVILLE', '1932', '(043)-(375)-(4248)', '(062)-(974)-(8272)', '(035)-(824)-(6441)', '', '1'),
('7312050486084', 'Matthew ', 'Makaleng', '41 SOUTHERN KLIPRIVIERSBERG THE HILL', '2197', '(079)-(285)-(3410)', '(095)-(557)-(1594)', '(085)-(939)-(2450)', '', ''),
('7312170466084', 'Jesse', 'Retief', '188 ECHIUM STREET PARKLANDS NORTH', '7441', '(085)-(627)-(0015)', '(029)-(644)-(4346)', '(084)-(576)-(1253)', 'JessRetie@mailweb.org', '2'),
('7403250912088', 'Edmund', 'Ngobeni', '88919 TAMARILO PLACE ERF 19884 KOSMOSDAL EXT 565', '0157', '(020)-(501)-(6292)', '(042)-(263)-(2986)', '', 'N@privatemail.co.za', '1'),
('740501094086', 'Mondli ', 'Mokwebo', '31 SHANNONS GREEEN SUMMERGREEN SUMMER GREENS', '7441', '(042)-(541)-(8345)', '(098)-(198)-(0264)', '(059)-(313)-(9812)', 'MondMokw@myweb.co.za', '2'),
('7410130630081', 'Marc ', 'Maseng', '418888 RED SETTER CRESENT LEOPARD\'S REST ESTATES ALBERTSDAL EXT 30', '1448', '(074)-(268)-(8805)', '(036)-(772)-(8261)', '(042)-(857)-(2238)', '', '2'),
('7411170290083', 'Jaco ', 'Syrzysko', 'P O BOX 1398 MATSULU', '1203', '(029)-(598)-(4965)', '(055)-(404)-(1142)', '(059)-(137)-(3859)', 'JacoSyrzy@privatemail.co.za', '1'),
('7412210788083', 'Botshelo', 'Bhagwan', '884 POTTOS STREET WESTERNBURG POLOKWANE', '0699', '(083)-(158)-(1537)', '', '(071)-(836)-(5216)', '', ''),
('7503060788083', 'Nasreen', 'Mbatha', '188 ECHIUM STREET PARKLANDS NORTH', '7441', '(023)-(168)-(9987)', '(037)-(844)-(0506)', '(018)-(776)-(7405)', 'NasrMbat@mailweb.org', '2'),
('7505030416082', 'Nkululeko ', 'Ntumba', '303 STOCKS CITY SOUTH 180 MEARS STREET SUNNYSIDE', '0002', '(095)-(590)-(4003)', '(098)-(649)-(7440)', '(074)-(370)-(5626)', 'NkNtumba@mailweb.org', ''),
('7511030931085', 'Maria ', 'Shihlomulo', '10 LAGO SOUTH STREET ZWARTKOP', '0157', '(077)-(268)-(3062)', '(098)-(775)-(2736)', '(095)-(241)-(1257)', 'MShihlo@privatemail.co.za', '2'),
('7512130745085', 'Jesse', 'Ntshabele', 'P O BOX 88014 MSOBOMVU', '4961', '(086)-(294)-(7002)', '(077)-(451)-(8545)', '(024)-(307)-(8564)', 'Ntshab@mememail.org.za\'', ''),
('7602020209088', 'Baipidi', 'Van Der Walt', '41 SOUTHERN KLIPRIVIERSBERG JOHANNESBURG, 11988 THE HILL', '2197', '(092)-(327)-(6127)', '', '(011)-(531)-(0381)', '', ''),
('7609090369085', 'Warren ', 'Harri', 'P O BOX 188811 YEOVILLE', '2143', '(088)-(143)-(8865)', '(030)-(926)-(9697)', '(055)-(520)-(4285)', 'WarrHarri@themail.com', '2'),
('7609110201086', 'Magda', 'Dlamini', '10 SHABUNGU STREET MAMELODI WEST', '0122', '(015)-(698)-(1506)', '(038)-(807)-(8639)', '(050)-(502)-(2257)', '', '2'),
('7609240686081', 'Morifi ', 'Malungani', '88888 SEKETE AVE SPRUITVIEW', '1431', '(063)-(403)-(2181)', '(089)-(254)-(7064)', '(025)-(141)-(2772)', 'MoMalung@privatemail.co.za', '2'),
('7610250179087', 'Thipe ', 'Mogotlane', '110 KIRKNESS AVENUE 14 SUMMERSFIELD PIERRE VAN RYNEVELD', '0157', '(025)-(824)-(8997)', '(052)-(797)-(0138)', '(038)-(579)-(4751)', '', '2'),
('7701030854083', 'Hisham', 'Khumalo', '88 GLEN BRIDGE TUGELA STREET GLEN MARAIS EXT 11 KEMPTON PARK', '1619', '(034)-(903)-(8843)', '(053)-(429)-(7016)', '(053)-(607)-(2503)', 'HishKhumal@myweb.co.za', ''),
('770124076088', 'Simphiwe ', 'Madia', 'THE COSMO ESTATE, LEO 33 HONEY BUZZARD STREET CENTURION', '0157', '(063)-(218)-(0988)', '(044)-(609)-(6761)', '(031)-(738)-(9346)', 'SMa@mailweb.org', ''),
('7701260528087', 'Thabiso ', 'Nhlapo', '8804 RYDAL MOUNT NORTH BEACH', '4001', '(039)-(695)-(5181)', '(071)-(906)-(2145)', '(016)-(235)-(0244)', 'TNhlap@themail.com', '2'),
('7704070438085', 'Muhammad', 'Vaphi', '14840 MAKHURA DRIVE DIEPKLOOF', '1862', '', '(064)-(654)-(1713)', '', 'MuhaVaphi@myweb.co.za', '2'),
('7705180627087', 'Alex ', 'Genge', 'P O BOX 11 OFCOLACO', '0854', '(099)-(979)-(8403)', '', '(079)-(295)-(7384)', 'Alex G@privatemail.co.za', '2'),
('7707250934088', 'Kholofelo', 'Oppermann', '49 REGINALD STREET CLAYVILLE EXT 13', '1666', '(058)-(359)-(2454)', '(072)-(366)-(8536)', '(046)-(798)-(9651)', '', '2'),
('771109035087', 'Otsile', 'Mshaisa', 'UNIT 33 BELLA VIE 31 LOVEMORE RD RAVENSWOOD', '1459', '(059)-(556)-(7736)', '(066)-(825)-(4805)', '(079)-(505)-(1278)', 'OtsilMsh@themail.com', '2'),
('7801120638083', 'Kishan', 'Loliwe', 'P O BOX 1031 NORTHWOLD', '2155', '(021)-(888)-(3611)', '(072)-(785)-(0060)', '(091)-(512)-(2395)', 'KLoliw@mailman.co.za', '2'),
('7804050808083', 'Shaun ', 'Pinto', '130 VARSITY DRIVE RESERVOIR HILLS', '4091', '(016)-(163)-(4755)', '(061)-(563)-(5077)', '(042)-(992)-(0567)', 'Pint@themail.com', '2'),
('7805110427084', 'Shephard ', 'Nukeri', '113 BARVALE DRIVE BAKERVILLE GARDENS', '4037', '(018)-(524)-(2893)', '(072)-(865)-(9816)', '(098)-(299)-(2130)', 'SNukeri@privatemail.co.za', '2'),
('780622020088', 'Nkosikhona ', 'Nkgapele', '888888 WINNIE MANDELA ZONE 1 WINNIE MANDELA ZONE 1', '1632', '(014)-(280)-(7521)', '(068)-(726)-(4642)', '(018)-(769)-(6044)', '', '2'),
('7808140304084', 'Mothupi ', 'Hlongwane', '100884 TRIGONELLA STREET THE ORCHARD EXT 89 PRETORIA NORTH', '0182', '(096)-(469)-(2849)', '(034)-(351)-(2068)', '(016)-(626)-(6881)', 'MoHl@privatemail.co.za', '1'),
('7808220226082', 'Norman ', 'Mokopi', '31 MOHLAKWANA STREET ATTERIDGEVILLE', '0008', '(068)-(542)-(0106)', '(094)-(679)-(9848)', '(032)-(954)-(9116)', '', '1'),
('7809130240082', 'Akho', 'Mathobela', '31 JARIER ROAD RAISETHORPE', '3201', '(065)-(484)-(2893)', '', '(053)-(887)-(5123)', 'AkMatho@themail.com', ''),
('7902150410084', 'Frans ', 'Sebate', 'UNIT 1, ONE ON LONG 1 LONG STREET MOWBRAY, CAPE TOWN MOWBRAY', '7700', '(012)-(377)-(3292)', '(041)-(193)-(6531)', '', '', '2'),
('7906010195081', 'Richard ', 'Senabe', '138840 ALLSPICE STREET PROTEA GLEN EXT 188', '1818', '(030)-(698)-(6143)', '(014)-(340)-(3335)', '(038)-(127)-(8356)', 'RicS@mememail.org.za\'', '2'),
('7907160124082', 'Phumzile ', 'Phiri', '889 BODUPE VILLAGE GAKGAPANE', '0838', '(016)-(434)-(3543)', '(099)-(100)-(4080)', '(053)-(663)-(8466)', '', '2'),
('7912110951087', 'Abdul ', 'Makuyi', '9 ALEXANDRIA ROAD BRENTWOOD PARK EXT 1', '1501', '(093)-(136)-(6705)', '', '(015)-(592)-(9152)', 'AbMakuy@yeboyes.co.za', '1'),
('8004280354084', 'Matome ', 'Maharaj', '11 CATALENTI DRIVE RANDBURG', '2194', '(028)-(471)-(3000)', '(031)-(344)-(0928)', '(029)-(396)-(1013)', 'Maha@myweb.co.za', '2'),
('8005030611082', 'Mduduzi', 'Linde', 'NO 3 THE NEST COMPLEX 88809 NEST ROAD WINTERNEST PRETORIA NORTH', '0182', '(071)-(253)-(3699)', '(046)-(362)-(4922)', '(017)-(540)-(5211)', 'MduduLi@yeboyes.co.za', ''),
('8006220732085', 'Wouter', 'Mlawuli', 'P O BOX 1888 UTHOKOZANE', '1346', '(091)-(108)-(3776)', '(055)-(673)-(8727)', '(036)-(239)-(2030)', 'WoutMla@privatemail.co.za', ''),
('8008280468086', 'Sylvester ', 'Bhana', '11 FROST AVENUE AUCKLAND PARK', '2092', '(023)-(581)-(6674)', '(057)-(923)-(3664)', '(026)-(755)-(5182)', 'SyB@mememail.org.za\'', '2'),
('8009100659085', 'Hulisani ', 'Phakwago', '13889 PEBBLE CREEK GREENSTONE', '1609', '(047)-(194)-(3209)', '(087)-(471)-(7649)', '(051)-(421)-(1092)', 'HP@themail.com', '2'),
('8012160653084', 'Lucas', 'De Witt', 'IBIS STR 488 DURBANVILLE', '7550', '(098)-(560)-(9590)', '(062)-(911)-(0638)', '(043)-(869)-(2838)', 'LucasD@mememail.org.za\'', '2'),
('8101060996085', 'Nkosinathi ', 'Laka', '4888 JACANA BAY ESTATE JAN SMUTS ROAD MEERHOF EXT1 HARTBEESPOORT BIRDWOOD', '0261', '(052)-(272)-(5690)', '(092)-(514)-(9829)', '(096)-(505)-(4294)', 'NkosLaka@themail.com', ''),
('8103140774084', 'Wendy ', 'Govender', '884888 KONOFELE STREET PHASE 1 BRAAMFISCHER', '1875', '(099)-(842)-(7664)', '(021)-(427)-(1477)', '(059)-(648)-(7824)', '', '2'),
('8104260177081', 'Ntsakisi ', 'Rudolph', '1889 BALHAMBRA WAY NORTHDALE', '3201', '(092)-(510)-(9664)', '(015)-(960)-(5135)', '(026)-(259)-(7316)', 'NtsRudolp@yeboyes.co.za', '1'),
('8105100593086', 'Sean', 'Lutrin', '113 VAN DER STEL STREET KABEGA PARK', '6025', '(036)-(820)-(5625)', '(077)-(498)-(0110)', '(078)-(602)-(0683)', '', '2'),
('820305040087', 'William', 'Sifile', '191 SECTION A MAMELODI WEST', '0122', '(016)-(351)-(4853)', '(049)-(384)-(4261)', '(047)-(198)-(7411)', 'WSifi@privatemail.co.za', ''),
('82032206087', 'Wouter', 'Burger', '11883 SECTION D MAMELODI WEST', '0122', '(085)-(927)-(1284)', '(087)-(284)-(9774)', '(062)-(400)-(2276)', 'WoBurge@myweb.co.za', '2'),
('8209140103086', 'Jan ', 'Lesolisa', 'P O BOX 88880888 HIGHVELD PARK', '0067', '(046)-(368)-(6698)', '(065)-(497)-(3627)', '(034)-(681)-(8982)', 'JanL@privatemail.co.za', '2'),
('8209260885087', 'Senyelo ', 'Koopman', '3 OVAL PLACE DAWNCLIFFE', '3629', '(080)-(949)-(5827)', '(078)-(208)-(7323)', '(057)-(235)-(6325)', 'SenyKoop@mailweb.org', '2'),
('8210240595083', 'Adrienne', 'Dambuza', 'UNIT 4 14 FOURTH STREET ALBERTON NORTH', '1449', '(066)-(408)-(9003)', '', '(089)-(724)-(4226)', 'AdDambuz@privatemail.co.za', '2'),
('8301170304085', 'Adrienne', 'Grobler', '13U BOY LOUW STREET DANVILLE EXT 3', '0183', '(088)-(787)-(8494)', '', '(081)-(967)-(3959)', 'AGrobl@mailman.co.za', '2'),
('8306110412083', 'Saegan', 'Louw', '1001 OKAPI STREET PENNYVILLE', '1804', '(014)-(268)-(6402)', '(076)-(359)-(4675)', '(012)-(489)-(5787)', 'SaegLouw@mailman.co.za', '2'),
('8309040682084', 'Lufuno', 'Soare', '33 HLUBI ROAD NGANGELIZWE', '5100', '(098)-(178)-(2313)', '(060)-(367)-(2850)', '(029)-(549)-(7105)', '', '2'),
('8406270311082', 'Lunghile ', 'Malatji', '4083 MMOTLA', '0407', '(022)-(953)-(2921)', '(086)-(953)-(7201)', '(068)-(507)-(8208)', 'LunMalatj@privatemail.co.za', '2'),
('8407030360083', 'Sumitra', 'Ngcobo', '11 LUCAS MORIPE STREET SAULSVILLE', '0125', '(018)-(921)-(4507)', '(020)-(820)-(6391)', '(066)-(229)-(7179)', 'SumiNg@mememail.org.za\'', ''),
('8409280542088', 'Leesha', 'Madisha', '10 MOUNTAIN VIEW TERRACES PARKLANDS', '7441', '(099)-(817)-(9127)', '(051)-(980)-(3553)', '(058)-(120)-(3164)', 'Ma@privatemail.co.za', '2'),
('8501030560088', 'Calvin', 'Mpatane', '1665 CHURCH STREET PIETERMARITZBURG', '3201', '(050)-(372)-(2630)', '', '(075)-(940)-(0292)', '', '1'),
('8501270465083', 'Nompilo ', 'Ndaba', '9 HOODS CRESCENT KINROSS', '2270', '(047)-(479)-(6562)', '(091)-(619)-(0629)', '(051)-(914)-(1739)', 'NNd@themail.com', ''),
('8502060290083', 'Amukelani ', 'Naick', 'FLAT 11, VILLA MIA BERNINI CRESCENT CENTURION', '0157', '(027)-(644)-(5375)', '', '(051)-(695)-(2281)', '', '2'),
('8504060165087', 'Brian ', 'Nkatu', 'B101 SALVATORE SQUARE EDGEMEAD', '7441', '(067)-(357)-(0493)', '', '(068)-(263)-(5896)', 'BrianNkatu@privatemail.co.za', '2'),
('8506270616083', 'Piet', 'Mynhardt', '111 GARSFONTEIN ROAD SUMMIT PLACE MENLYN', '0181', '(090)-(151)-(5877)', '(075)-(183)-(2735)', '(082)-(715)-(5796)', 'PietMynh@privatemail.co.za', '1'),
('8508060640084', 'Neliswa', 'Kunene', '88 KGAMA STREET ATTERIDGEVILLE', '0008', '(092)-(381)-(4333)', '(020)-(940)-(0947)', '(016)-(197)-(5363)', 'NelKunen@mailweb.org', ''),
('8508170901082', 'Ntotole ', 'Mbung', '830 TIPPERARY STREET FAERIE GLEN EXT 49', '0081', '(037)-(309)-(8439)', '(059)-(431)-(0292)', '(038)-(650)-(8375)', 'NMbung@themail.com', '2'),
('851123068082', 'Mongezi', 'Makhale', '401 KING RANSOM BUILDING JOHANNESBURG', '2001', '(073)-(645)-(3807)', '(089)-(557)-(0499)', '(014)-(920)-(3508)', '', '2'),
('8511250864088', 'Mxoleleni ', 'Burrows', 'P O BOX 13081 NELSPRUIT', '1200', '(074)-(541)-(5335)', '(097)-(244)-(9876)', '(077)-(684)-(3321)', '', '2'),
('8512050670085', 'Tlou ', 'Ramushi', 'NO 8 MULLINS ROAD, WYCHWOOD MALVERN EAST', '1401', '(097)-(245)-(3972)', '(094)-(667)-(5578)', '(042)-(476)-(5212)', '', '2'),
('8603155918082', 'Isheunesi', 'Matsa', '1236B7 Aucklandpark', '2093', '(011)-(000)-(0100)', '(011)-(100)-(0000)', '(082)-(653)-(3685)', 'misheunesu@gmail.com', '1'),
('8610120779086', 'Promise ', 'Mdluli', '18 ESSEX TERRACE WESTVILLE BLUE HEIGHTS', '3629', '(041)-(990)-(0895)', '(056)-(978)-(3356)', '(014)-(332)-(9294)', 'PrMdlul@mememail.org.za\'', '1'),
('8612040918085', 'Tony ', 'Mgidi', '313 KOTZE STREET 1088 DEMAKOT SUNNYSIDE', '0002', '(035)-(650)-(2366)', '(011)-(286)-(0669)', '(084)-(492)-(1875)', 'ToMgid@mailweb.org', ''),
('8703170594084', 'Zukisa', 'Sifile', 'UKK148 TAMBOSECTION Bekkersdal Location WESTONARIA', '1779', '(041)-(600)-(2790)', '', '(017)-(238)-(7499)', 'ZukisSifile@themail.com', ''),
('8703280117084', 'Petrus ', 'Naidoo', '30 MICHAEL COLLINS DISCOVERY', '1709', '(043)-(229)-(9780)', '(057)-(762)-(5347)', '(035)-(325)-(5373)', '', ''),
('8709250986088', 'Lungiswa ', 'Van Niekerk', '8 JARVIS ROAD BEREA', '5241', '(054)-(469)-(9968)', '(048)-(829)-(3794)', '(020)-(524)-(6990)', '', ''),
('8802220958083', 'Tshepo ', 'Pillay', '8 SASKIA 1114 KARRIBOOM STREET MOREGLOED', '0186', '(014)-(327)-(1263)', '(045)-(284)-(0421)', '(048)-(203)-(7752)', 'TsPillay@mailman.co.za', ''),
('8807130418086', 'Muteba ', 'Phiri', '10 MIDSOMER CRESCENT SOMERSET PARK', '4319', '(096)-(689)-(1484)', '(088)-(402)-(4873)', '(086)-(718)-(9175)', 'MuPhiri@privatemail.co.za', '1'),
('8807180866088', 'Mabokale ', 'Lephalala', '1488888 EXTENTION 88 SOSHANGUVE', '0152', '(032)-(122)-(6306)', '(039)-(763)-(5593)', '(094)-(341)-(3768)', 'MabokLep@themail.com', '2'),
('8810240788083', 'Lee-Anne ', 'Zwakala', '388 CITRUS ROAD BONTEHEUWEL', '7764', '(048)-(933)-(5332)', '(038)-(769)-(0898)', '(078)-(990)-(7224)', '', '2'),
('8902010959088', 'Job', 'Spengane', '19 GQWARU STREET MOTHERWELL NU 3', '6211', '(015)-(912)-(5678)', '(064)-(925)-(4571)', '(013)-(957)-(1818)', 'JobSpen@privatemail.co.za', '2'),
('8906120948084', 'Ivo ', 'Naidoo', '4A METROPOLITAN HIGHVELD', '0157', '(084)-(418)-(7519)', '(050)-(141)-(2503)', '(052)-(805)-(9023)', 'IvoNaido@mememail.org.za\'', '4'),
('8906230122083', 'Tiishetjo', 'Makuwa', 'B114 PHAPHAMA AVENUE NEWTOWN SECTION B', '4309', '(020)-(428)-(1672)', '(090)-(253)-(4879)', '(053)-(535)-(9161)', 'TiisMa@yeboyes.co.za', '1'),
('8907090202087', 'Andre ', 'Letsoele', '133 STEVE BIKO ROAD SUNNYSIDE', '0002', '(028)-(531)-(2410)', '', '(042)-(352)-(6588)', '', ''),
('8907280730087', 'Moeketsi ', 'Chauke', 'P O BOX 13388 HONEY DEW', '2040', '(039)-(823)-(4035)', '(043)-(924)-(9730)', '(027)-(345)-(4048)', 'MoekeCha@mailweb.org', '2'),
('8908220122088', 'Andre ', 'Schoeman', 'UNIT 11 SOUTHERN VILLAS DAPHNE STREET NATURENA', '2095', '(066)-(489)-(8662)', '', '(057)-(850)-(4856)', '', '2'),
('9003280235085', 'Alex ', 'Mkhonto', '10 AUGUST STREET UNIT 30 BUSH WILLOW MOOIKLOOF RIDGE', '0081', '(097)-(965)-(1602)', '', '(029)-(270)-(8897)', 'AlMkhont@mememail.org.za\'', '2'),
('9009155928088', 'Nkosikhona ', 'Monareng', 'Caltonvile', '1818', '(011)-(078)-(9111)', '(011)-(277)-(1212)', '(076)-(083)-(7676)', 'nkosikhonamonareng@gmail.com', '4'),
('9010200680087', 'Mothupi ', 'Xulubana', 'P O BOX 11318 THE TRAMSHED', '0126', '', '(065)-(848)-(7223)', '(039)-(256)-(2775)', 'MoXulub@mememail.org.za\'', '2'),
('9012110306084', 'Thapelo ', 'Mokoena', '4998 SERETSE KHAMA STREET IVORY PARK EXT 1', '1632', '(055)-(900)-(9493)', '(053)-(715)-(3414)', '(043)-(775)-(4966)', '', '2'),
('9103060340082', 'Mpho ', 'Hleza', '488 WILLOW RIDGE PARRADE RING ROAD ROYAL ASCOT', '7441', '(046)-(303)-(4847)', '(026)-(340)-(8970)', '(083)-(339)-(7282)', 'Mpho Hlez@privatemail.co.za', ''),
('9109140754088', 'Mashamokwena ', 'Van Vuuren', '488 SIXTH AVENUE ROODEPOORT NORTH', '1724', '(072)-(432)-(4094)', '(099)-(338)-(6528)', '(097)-(273)-(6866)', 'MaVan V@privatemail.co.za', ''),
('9109150355087', 'Kgabo ', 'Le Masson', 'SPUYSTREET GARDENS 403 883 VLOK STREET SUNNYSIDE', '0002', '(041)-(515)-(2513)', '(029)-(565)-(8731)', '(019)-(579)-(1839)', 'KgaLe@mailweb.org', ''),
('9109270875081', 'Mavis', 'Khumalo', '88 BREDA PARK 188 BREDA STREET ORANJEZICHT', '8001', '(040)-(156)-(9201)', '(077)-(873)-(7623)', '(054)-(881)-(0606)', '', '1'),
('9110230494081', 'Nonjabulo', 'Horwell', '188388 LEGODI STREET VOSLOORUS', '1475', '(068)-(334)-(6801)', '(031)-(273)-(2013)', '(081)-(360)-(2706)', 'NHor@mailman.co.za', '2'),
('9202010527088', 'Nonhlanhla ', 'Rusch', '1388 JET STREET LAUDIUM', '0037', '(067)-(928)-(0725)', '(041)-(969)-(2681)', '(096)-(913)-(5807)', 'NonRusch@mememail.org.za\'', '2'),
('9202050898085', 'Quentin', 'Lesolisa', '3565888 THOBELA CRESCENT MAMELODI EAST', '0122', '(046)-(760)-(0774)', '(026)-(862)-(6096)', '(058)-(898)-(7227)', '', '2'),
('9204240981082', 'Emmanuel', 'Tyhalithi', 'UNIT 1088 SUMMERSET VILLAGE SAGEWOOD', '1685', '', '(056)-(747)-(9182)', '', 'Tyhali@privatemail.co.za', '2'),
('9210110388086', 'Itumeleng ', 'Maphoto', 'P O BOX 8888 GROOTBRAKRIVIER', '6525', '(054)-(223)-(8867)', '(020)-(761)-(3234)', '(099)-(788)-(3703)', 'IMaphot@yeboyes.co.za', '2'),
('9210160769082', 'Dinkonyane ', 'Monyela', '31 HOY AVENUE BRAKPAN EXT 1', '1541', '(089)-(394)-(7495)', '(025)-(803)-(4678)', '', '', '2'),
('9212120894085', 'Sandile ', 'Ntshabele', '33 BREAK FREE ESTATE MIMOSA ROAD BLUEHILLS, MIDRAND COUNTRY VIEW', '1687', '(046)-(662)-(2634)', '(060)-(733)-(8353)', '(057)-(827)-(8320)', 'SaNtshab@mailweb.org', '2'),
('9304280349087', 'Mmasaka ', 'Mkhonza', 'P O BOX 10310 VORNA VALLEY', '1686', '(061)-(236)-(9351)', '(091)-(988)-(7525)', '(044)-(268)-(8826)', '', '1'),
('9307040620082', 'Reinhard', 'Mabowa', '1031/1 BLOCK GG SOSHANGUVE', '0152', '(038)-(340)-(0978)', '(013)-(283)-(8123)', '(024)-(589)-(5525)', '', '2'),
('9311100557082', 'Thilivhali ', 'Ramrathan', '88888 PHASE 3 PETLEKE STREET MORULA VIEW', '0190', '(028)-(200)-(9583)', '(081)-(608)-(4835)', '(042)-(913)-(9140)', 'ThilRa@mailweb.org', '1'),
('9403280679088', 'Daniel ', 'Khoza', '9019 PHASE 4 SUN VALLEY', '0190', '(058)-(187)-(2165)', '(056)-(753)-(1230)', '(091)-(845)-(3880)', '', '1'),
('9405050739085', 'Hendrik ', 'Makama', '1088 KINGS CLOSE 8 KINGSBURY PARK ROAD RONDEBOSCH', '7700', '(093)-(571)-(7843)', '(031)-(205)-(5814)', '(046)-(268)-(9024)', 'Maka@yeboyes.co.za', '1'),
('9408100658087', 'Lonwabo', 'Tandwa', '33 INVICTA ROAD 565 WATERFORD COMPLEX MIDRAND', '1682', '(073)-(654)-(9133)', '', '(011)-(179)-(9743)', '', '2'),
('9411220643082', 'Brandon ', 'Van Rooyen', '9 BIRKENHEAD ROAD UNIT 88 BLOUBERGSTRAND', '7441', '(078)-(373)-(4313)', '', '(073)-(841)-(5321)', '', '5'),
('9412180136082', 'Daniel ', 'Kholophe', 'FLAT NUMBER 8 ALTONA COURT ROSMEAD AV KENILWORTH', '7708', '(032)-(577)-(2930)', '(079)-(365)-(1248)', '(037)-(517)-(8140)', 'DK@themail.com', '1'),
('9502240191083', 'Surendran', 'Mkhatswa', '44 BROCKCLAY PLACE PHOENIX', '4068', '(030)-(568)-(2595)', '(042)-(832)-(7961)', '(023)-(789)-(4089)', 'SurMkha@mememail.org.za\'', '2'),
('9503010970083', 'Dolly ', 'Mogano', '5658888 MFUMO STREET OLIEVENHOUTBOSCH EXT 388', '0187', '(092)-(422)-(8994)', '(039)-(941)-(5580)', '', 'DollM@myweb.co.za', '2'),
('950310057086', 'Njabulo ', 'Bouwer', '56541 MTSISELWA STREET KWAZAKHELE', '6205', '(021)-(629)-(1008)', '(010)-(844)-(7197)', '(078)-(213)-(5281)', '', '1'),
('9504060158084', 'Cecil ', 'Koopman', '13 MKHONTO STREET ZWIDE', '6201', '(020)-(848)-(4437)', '(022)-(512)-(6633)', '(096)-(555)-(1765)', 'CeK@myweb.co.za', '2'),
('9509040129082', 'Nomfundo ', 'Labuschagne', '88TH FLOOR APEX BUILDING ENERGY LANE CENTURY CITY', '7441', '(090)-(760)-(8625)', '(013)-(539)-(6148)', '(055)-(539)-(1341)', 'NL@themail.com', ''),
('9601060188087', 'Jade ', 'Raolane', '113 CUMBERLAND SREET KENSINGTON', '2094', '(036)-(625)-(2350)', '(018)-(847)-(2687)', '(066)-(720)-(9567)', 'R@mememail.org.za\'', '2'),
('960124047081', 'Phatte ', 'Yeki', '83 SUMMERSET PLACE SUMMERSET ROAD NOORDWYK EXT 1', '1687', '(025)-(393)-(9557)', '(071)-(791)-(1188)', '(074)-(192)-(3674)', 'PhYeki@privatemail.co.za', '2'),
('9606270939081', 'Ntombekaya', 'Lubbe', '1665388 EXT 8 SOSHANGUVE', '0152', '(047)-(140)-(2743)', '(019)-(588)-(3416)', '(011)-(325)-(5291)', '', '2'),
('9608280617083', 'Mamahooe ', 'Gumbi', 'P O BOX 818188 SOUTHDALE', '2135', '(026)-(231)-(1537)', '(045)-(484)-(8031)', '(095)-(373)-(1093)', 'MamaG@mailman.co.za', '2'),
('9609270686085', 'Charl ', 'Wamala', 'LEAPLY LAUNCHLAB 11 HAMMANSHAND RD STELLENBOSCH', '7600', '', '(063)-(856)-(5967)', '(049)-(919)-(1120)', '', '1'),
('9611120247088', 'Bernhardt ', 'Japudi', '183- 8TH ROAD NOODWYK NOORDWYK EXT 1', '1687', '(082)-(871)-(2600)', '', '(054)-(528)-(2516)', 'BernJapud@privatemail.co.za', '2'),
('9611150348082', 'Vuyokazi ', 'Eckstein', 'P O BOX 1391 IFAFI', '0260', '(014)-(696)-(2799)', '(032)-(757)-(6380)', '(053)-(145)-(7835)', '', '2'),
('9612070824088', 'Culnescia', 'Webb', 'STAND NO: 883565/188 MIDDELBURG HLALAMNANDI HLALAMNANDI', '1055', '', '(087)-(271)-(5135)', '(053)-(437)-(5969)', '', ''),
('9701100285087', 'Moses', 'Maarman', '188388 INQE STREET PROTEA NORTH', '1818', '(010)-(809)-(4317)', '(065)-(470)-(4175)', '(021)-(931)-(1663)', 'MoseMaa@mememail.org.za\'', '2'),
('9701100741082', 'Thipe ', 'Sibei', 'P O BOX 1443 BUCCLEUCH', '2066', '(025)-(823)-(5885)', '(071)-(573)-(5389)', '(015)-(926)-(0923)', 'Sibei@mememail.org.za\'', ''),
('9706130545082', 'Josaya ', 'Chauke', '1 MELROSE PLACE DURBAN NORTH', '4051', '(024)-(396)-(9177)', '(015)-(456)-(6491)', '(048)-(560)-(9024)', 'Cha@themail.com', '1'),
('9710010812081', 'Phakamani ', 'Owens', 'P O BOX 1913 MARGATE', '4275', '(067)-(697)-(9900)', '(091)-(519)-(4669)', '(094)-(115)-(0389)', 'POwen@myweb.co.za', '2'),
('9710230788081', 'Avela', 'Ketelo', '3309 BUFFERFISH STREET KAALFONTEIN', '1632', '(083)-(610)-(7973)', '', '(051)-(405)-(0710)', 'AvKete@mememail.org.za\'', ''),
('9712150845081', 'Nomvula ', 'Mchunu', '1044 RAPHEPHENG STREET ZAMDELA LOCATION SASOLBURG', '1947', '(024)-(240)-(7132)', '(090)-(943)-(7917)', '(063)-(230)-(3631)', 'NomM@mememail.org.za\'', ''),
('9810260112082', 'Terrence ', 'Mafogo', '333 EAST LAKE FLATS FLORIDA', '1709', '(089)-(251)-(8210)', '(029)-(446)-(6180)', '(023)-(154)-(7680)', 'TerreMafogo@privatemail.co.za', ''),
('9811220178083', 'Hulisani ', 'Bethlehem', 'UNIT 3 ELDRID MANOR JAN BANTJIES STREET MONTANA', '0182', '(045)-(805)-(7907)', '(021)-(676)-(2572)', '(091)-(247)-(8904)', '', ''),
('9901030534081', 'Thabelo ', 'Mabota', '403883 BEDMAN MGWALELA AVENUE MAMELODI EAST EXT 18', '0122', '(097)-(574)-(6587)', '(099)-(549)-(5714)', '(024)-(765)-(4674)', 'ThabMabo@mailman.co.za', '2'),
('9902028833088', 'Sabelo', 'Sabza', '1236B7 Aucklandpark', '2093', '(011)-(000)-(0100)', '(011)-(100)-(0000)', '(082)-(653)-(3685)', 'sabelo@gmail.com', '1'),
('9902110250084', 'Nkhetheni ', 'Maluleke', '8800 BUSHWILLOW ALVEDA EX1 KIBLER PARK', '2091', '(058)-(917)-(9313)', '(089)-(913)-(4939)', '(034)-(415)-(6398)', 'NkheMalule@yeboyes.co.za', '2'),
('9907280115082', 'Paul ', 'Phakathi', '1 DARTMOOR CL TABLE VIEW', '7441', '(056)-(331)-(7137)', '(058)-(553)-(6363)', '(014)-(552)-(0288)', '', '2'),
('9908260536088', 'Kaone ', 'Mohammed', 'ERNEST AND YOUNG 1 PENCARROW CRESCENT PENCARROW PARK , LA LUCIA DURBAN NORTH', '4051', '(092)-(559)-(8591)', '(057)-(591)-(8358)', '(014)-(633)-(0187)', 'KMo@mememail.org.za\'', '2'),
('9910060946082', 'Christopher', 'Mitchel', '401 SEHUDI STREET ROSSLYN EXT13 NKWE ESTATE', '0182', '', '(013)-(862)-(7848)', '(027)-(728)-(0178)', 'ChMitche@yeboyes.co.za', '2'),
('9910120124085', 'Emil', 'Venter', 'P O BOX 10889 LANSERIA', '1748', '(023)-(574)-(1636)', '(061)-(382)-(4027)', '', 'EmiVente@mememail.org.za\'', ''),
('9911090794084', 'Lerato ', 'Gaanakgomo', 'CNR ST ANDREW & PRES BRAND SINODALE BUILDING BLOEMFONTEIN', '9301', '(052)-(475)-(7713)', '(029)-(447)-(7819)', '(058)-(710)-(9574)', '', ''),
('991212074083', 'Ayanda', 'Mukwevho', 'P O BOX 8888 DOBSONVILLE', '1865', '(017)-(948)-(0516)', '', '(015)-(469)-(1082)', 'AyanMukwev@yeboyes.co.za', '2');

-- --------------------------------------------------------

--
-- Table structure for table `tblinv_info`
--

CREATE TABLE `tblinv_info` (
  `inv_num` varchar(8) NOT NULL,
  `client_ID` varchar(15) NOT NULL,
  `inv_date` date NOT NULL,
  `inv_paid` varchar(3) NOT NULL,
  `inv_paid_date` date NOT NULL,
  `comments` varchar(200) NOT NULL
) ENGINE=InnoDB DEFAULT CHARSET=latin1;

--
-- Dumping data for table `tblinv_info`
--

INSERT INTO `tblinv_info` (`inv_num`, `client_ID`, `inv_date`, `inv_paid`, `inv_paid_date`, `comments`) VALUES
('INV0001', '4510260369082', '2012-01-28', 'Y', '2012-02-03', 'comment'),
('INV0002', '9509040129082', '2012-04-07', 'Y', '2012-04-14', 'comment'),
('INV0003', '3610150249083', '2012-05-06', 'Y', '2012-05-06', 'comment'),
('INV0004', '9304280349087', '2012-07-10', 'Y', '2012-07-19', 'comment'),
('INV0005', '8210240595083', '2012-07-19', 'Y', '2012-07-19', 'comment'),
('INV0006', '660620054086', '2012-08-01', 'Y', '2012-08-09', 'comment'),
('INV0007', '2205140565082', '2012-08-05', 'Y', '2012-08-15', 'comment'),
('INV0008', '7610250179087', '2012-08-13', 'Y', '2012-08-23', 'comment'),
('INV0009', '2907080814082', '2012-12-22', 'Y', '2012-12-27', 'comment'),
('INV0010', '4106120248084', '2013-01-01', 'Y', '2013-01-04', 'comment'),
('INV0011', '8906230122083', '2013-01-06', 'Y', '2013-01-16', 'comment'),
('INV0012', '9911090794084', '2013-01-11', 'Y', '2013-01-13', 'comment'),
('INV0013', '5809250392081', '2013-01-11', 'Y', '2013-01-19', 'comment'),
('INV0014', '4106120248084', '2013-01-14', 'Y', '2013-01-18', 'comment'),
('INV0015', '491010022086', '2013-01-16', 'Y', '2013-01-20', 'comment'),
('INV0016', '3503100678084', '2013-01-17', 'Y', '2013-01-18', 'comment'),
('INV0017', '4603230789086', '2013-01-21', 'Y', '2013-01-26', 'comment'),
('INV0018', '7801120638083', '2013-01-28', 'Y', '2013-02-03', 'comment'),
('INV0019', '7701260528087', '2013-02-05', 'Y', '2013-02-08', 'comment'),
('INV0020', '2706070629087', '2013-02-05', 'Y', '2013-02-10', 'comment'),
('INV0021', '2706070629087', '2013-02-10', 'Y', '2013-02-16', 'comment'),
('INV0022', '1704180177085', '2013-02-19', 'Y', '2013-02-28', 'comment'),
('INV0023', '1205040963082', '2013-02-26', 'Y', '2013-03-05', 'comment'),
('INV0024', '9706130545082', '2013-03-02', 'Y', '2013-03-10', 'comment'),
('INV0025', '8807130418086', '2013-03-04', 'Y', '2013-03-06', 'comment'),
('INV0026', '4104200140083', '2013-03-05', 'Y', '2013-03-09', 'comment'),
('INV0027', '4106120248084', '2013-03-06', 'Y', '2013-03-15', 'comment'),
('INV0028', '7609240686081', '2013-03-10', 'Y', '2013-03-16', 'comment'),
('INV0029', '5704100297086', '2013-03-14', 'Y', '2013-03-23', 'comment'),
('INV0030', '770124076088', '2013-03-17', 'Y', '2013-03-22', 'comment'),
('INV0031', '9810260112082', '2013-03-18', 'Y', '2013-03-23', 'comment'),
('INV0032', '5405270193088', '2013-03-18', 'Y', '2013-03-20', 'comment'),
('INV0033', '4909110460081', '2013-04-04', 'Y', '2013-04-13', 'comment'),
('INV0034', '9911090794084', '2013-04-08', 'Y', '2013-04-17', 'comment'),
('INV0035', '7808140304084', '2013-04-10', 'Y', '2013-04-19', 'comment'),
('INV0036', '6204260308088', '2013-04-11', 'Y', '2013-04-20', 'comment'),
('INV0037', '1501200671081', '2013-04-12', 'Y', '2013-04-12', 'comment'),
('INV0038', '4802050681086', '2013-04-26', 'Y', '2013-05-06', 'comment'),
('INV0039', '9902110250084', '2013-05-03', 'Y', '2013-05-04', 'comment'),
('INV0040', '1503200793088', '2013-05-09', 'Y', '2013-05-14', 'comment'),
('INV0041', '3605090332085', '2013-05-18', 'Y', '2013-05-27', 'comment'),
('INV0042', '9902110250084', '2013-05-20', 'Y', '2013-05-22', 'comment'),
('INV0043', '5009140926088', '2013-05-28', 'Y', '2013-05-30', 'comment'),
('INV0044', '4106120248084', '2013-06-08', 'Y', '2013-06-11', 'comment'),
('INV0045', '4508260675083', '2013-06-09', 'Y', '2013-06-17', 'comment'),
('INV0046', '4003100886084', '2013-06-14', 'Y', '2013-06-23', 'comment'),
('INV0047', '3809260231088', '2013-06-24', 'Y', '2013-06-25', 'comment'),
('INV0048', '6507120107086', '2013-06-25', 'Y', '2013-06-25', 'comment'),
('INV0049', '1604070370087', '2013-06-26', 'Y', '2013-06-26', 'comment'),
('INV0050', '1906040694086', '2013-06-27', 'Y', '2013-07-07', 'comment'),
('INV0051', '9907280115082', '2013-07-04', 'Y', '2013-07-09', 'comment'),
('INV0052', '4102140915085', '2013-07-06', 'Y', '2013-07-13', 'comment'),
('INV0053', '730823030086', '2013-07-11', 'Y', '2013-07-15', 'comment'),
('INV0054', '5209150693082', '2013-07-11', 'Y', '2013-07-19', 'comment'),
('INV0055', '9408100658087', '2013-07-13', 'Y', '2013-07-23', 'comment'),
('INV0056', '8511250864088', '2013-07-14', 'Y', '2013-07-20', 'comment'),
('INV0057', '3211200919082', '2013-08-08', 'Y', '2013-08-10', 'comment'),
('INV0058', '2007100717086', '2013-08-08', 'Y', '2013-08-14', 'comment'),
('INV0059', '6404030447088', '2013-08-22', 'Y', '2013-08-31', 'comment'),
('INV0060', '8511250864088', '2013-08-27', 'Y', '2013-09-06', 'comment'),
('INV0061', '6609200993085', '2013-09-09', 'Y', '2013-09-13', 'comment'),
('INV0062', '7701030854083', '2013-09-21', 'Y', '2013-09-24', 'comment'),
('INV0063', '9712150845081', '2013-09-22', 'Y', '2013-09-30', 'comment'),
('INV0064', '6511130973087', '2013-10-07', 'Y', '2013-10-15', 'comment'),
('INV0065', '6412050862088', '2013-10-09', 'Y', '2013-10-15', 'comment'),
('INV0066', '8009100659085', '2013-10-20', 'Y', '2013-10-22', 'comment'),
('INV0067', '1007230144085', '2013-10-25', 'Y', '2013-11-04', 'comment'),
('INV0068', '5002080660085', '2013-10-26', 'Y', '2013-10-28', 'comment'),
('INV0069', '5002180199088', '2013-11-13', 'Y', '2013-11-23', 'comment'),
('INV0070', '3911070339085', '2013-11-15', 'Y', '2013-11-23', 'comment'),
('INV0071', '9609270686085', '2013-11-21', 'Y', '2013-11-25', 'comment'),
('INV0072', '5304280232082', '2013-11-27', 'Y', '2013-12-04', 'comment'),
('INV0073', '1308190287088', '2013-11-28', 'Y', '2013-12-03', 'comment'),
('INV0074', '9110230494081', '2013-12-02', 'Y', '2013-12-11', 'comment'),
('INV0075', '4702060556086', '2013-12-04', 'Y', '2013-12-10', 'comment'),
('INV0076', '6705050635085', '2013-12-06', 'Y', '2013-12-11', 'comment'),
('INV0077', '1709240402082', '2013-12-09', 'Y', '2013-12-17', 'comment'),
('INV0078', '6511130973087', '2013-12-10', 'Y', '2013-12-11', 'comment'),
('INV0079', '4005040289082', '2013-12-16', 'Y', '2013-12-17', 'comment'),
('INV0080', '8406270311082', '2014-01-01', 'Y', '2014-01-10', 'comment'),
('INV0081', '7609240686081', '2014-01-02', 'Y', '2014-01-09', 'comment'),
('INV0082', '3503100678084', '2014-01-06', 'Y', '2014-01-10', 'comment'),
('INV0083', '4211180586086', '2014-01-07', 'Y', '2014-01-14', 'comment'),
('INV0084', '1307090536085', '2014-01-19', 'Y', '2014-01-27', 'comment'),
('INV0085', '2706070629087', '2014-01-20', 'Y', '2014-01-25', 'comment'),
('INV0086', '5109080251088', '2014-01-20', 'Y', '2014-01-30', 'comment'),
('INV0087', '4005040289082', '2014-01-22', 'Y', '2014-01-23', 'comment'),
('INV0088', '7306050161086', '2014-01-27', 'Y', '2014-02-06', 'comment'),
('INV0089', '9612070824088', '2014-01-28', 'Y', '2014-02-01', 'comment'),
('INV0090', '5902220915081', '2014-02-01', 'Y', '2014-02-09', 'comment'),
('INV0091', '3406130687081', '2014-02-02', 'Y', '2014-02-09', 'comment'),
('INV0092', '3509040348083', '2014-02-04', 'Y', '2014-02-08', 'comment'),
('INV0093', '5706150123087', '2014-02-12', 'Y', '2014-02-17', 'comment'),
('INV0094', '6802050633083', '2014-02-13', 'Y', '2014-02-19', 'comment'),
('INV0095', '9701100741082', '2014-02-14', 'Y', '2014-02-14', 'comment'),
('INV0096', '6404230631085', '2014-02-19', 'Y', '2014-02-28', 'comment'),
('INV0097', '960124047081', '2014-02-20', 'Y', '2014-02-25', 'comment'),
('INV0098', '5209150693082', '2014-02-25', 'Y', '2014-02-28', 'comment'),
('INV0099', '8301170304085', '2014-02-26', 'Y', '2014-03-06', 'comment'),
('INV0100', '7602020209088', '2014-02-27', 'Y', '2014-03-03', 'comment'),
('INV01000', '9403280679088', '2017-09-11', 'Y', '2017-09-17', 'comment'),
('INV01001', '8101060996085', '2017-09-12', 'Y', '2017-09-20', 'comment'),
('INV01002', '7705180627087', '2017-09-12', 'Y', '2017-09-14', 'comment'),
('INV01003', '3602250350086', '2017-09-19', 'Y', '2017-09-27', 'comment'),
('INV01004', '3605090332085', '2017-09-19', 'Y', '2017-09-24', 'comment'),
('INV01005', '2109050549084', '2017-09-21', 'Y', '2017-10-01', 'comment'),
('INV01006', '8610120779086', '2017-09-24', 'Y', '2017-09-25', 'comment'),
('INV01007', '4804180882084', '2017-09-26', 'Y', '2017-09-29', 'comment'),
('INV01008', '2704170868088', '2017-09-27', 'Y', '2017-10-04', 'comment'),
('INV01009', '4701240299087', '2017-09-28', 'Y', '2017-10-04', 'comment'),
('INV0101', '9811220178083', '2014-03-04', 'Y', '2014-03-10', 'comment'),
('INV01010', '5505090581082', '2017-10-01', 'Y', '2017-10-11', 'comment'),
('INV01011', '8906230122083', '2017-10-02', 'Y', '2017-10-03', 'comment'),
('INV01012', '510915039082', '2017-10-04', 'Y', '2017-10-08', 'comment'),
('INV01013', '2907080814082', '2017-10-04', 'Y', '2017-10-11', 'comment'),
('INV01014', '3205230915086', '2017-10-08', 'Y', '2017-10-14', 'comment'),
('INV01015', '3505100334081', '2017-10-09', 'Y', '2017-10-09', 'comment'),
('INV01016', '6909200583086', '2017-10-13', 'Y', '2017-10-15', 'comment'),
('INV01017', '2809260609084', '2017-10-13', 'Y', '2017-10-21', 'comment'),
('INV01018', '5502200833083', '2017-10-14', 'Y', '2017-10-20', 'comment'),
('INV01019', '7602020209088', '2017-10-15', 'Y', '2017-10-17', 'comment'),
('INV0102', '9701100741082', '2014-03-07', 'Y', '2014-03-11', 'comment'),
('INV01020', '7701260528087', '2017-10-15', 'Y', '2017-10-15', 'comment'),
('INV01021', '2605130248088', '2017-10-16', 'Y', '2017-10-24', 'comment'),
('INV01022', '8802220958083', '2017-10-18', 'Y', '2017-10-21', 'comment'),
('INV01023', '7410130630081', '2017-10-19', 'Y', '2017-10-28', 'comment'),
('INV01024', '3505100334081', '2017-10-22', 'Y', '2017-10-31', 'comment'),
('INV01025', '1501200671081', '2017-10-22', 'Y', '2017-10-31', 'comment'),
('INV01026', '6509050392085', '2017-10-22', 'Y', '2017-10-24', 'comment'),
('INV01027', '3211200919082', '2017-10-23', 'Y', '2017-10-25', 'comment'),
('INV01028', '9012110306084', '2017-10-23', 'Y', '2017-10-27', 'comment'),
('INV01029', '5212190473083', '2017-10-28', 'Y', '2017-11-03', 'comment'),
('INV0103', '9311100557082', '2014-03-07', 'Y', '2014-03-15', 'comment'),
('INV01030', '4511070585086', '2017-10-28', 'Y', '2017-10-31', 'comment'),
('INV01031', '3605090332085', '2017-11-07', 'Y', '2017-11-17', 'comment'),
('INV01032', '7808140304084', '2017-11-08', 'Y', '2017-11-13', 'comment'),
('INV01033', '9109140754088', '2017-11-09', 'Y', '2017-11-13', 'comment'),
('INV01034', '1204030632082', '2017-11-09', 'Y', '2017-11-16', 'comment'),
('INV01035', '7410130630081', '2017-11-10', 'Y', '2017-11-20', 'comment'),
('INV01036', '3503100678084', '2017-11-11', 'Y', '2017-11-15', 'comment'),
('INV01037', '9910120124085', '2017-11-12', 'Y', '2017-11-12', 'comment'),
('INV01038', '4011110520082', '2017-11-13', 'Y', '2017-11-22', 'comment'),
('INV01039', '2309220589087', '2017-11-13', 'Y', '2017-11-20', 'comment'),
('INV0104', '9202050898085', '2014-03-09', 'Y', '2014-03-17', 'comment'),
('INV01040', '3811210932081', '2017-11-14', 'Y', '2017-11-21', 'comment'),
('INV01041', '7411170290083', '2017-11-14', 'Y', '2017-11-24', 'comment'),
('INV01042', '6509050392085', '2017-11-15', 'Y', '2017-11-21', 'comment'),
('INV01043', '2102130913085', '2017-11-16', 'Y', '2017-11-26', 'comment'),
('INV01044', '2012190284086', '2017-11-17', 'Y', '2017-11-18', 'comment'),
('INV01045', '9202010527088', '2017-11-19', 'Y', '2017-11-20', 'comment'),
('INV01046', '2012200849081', '2017-11-19', 'Y', '2017-11-25', 'comment'),
('INV01047', '8907280730087', '2017-11-22', 'Y', '2017-12-02', 'comment'),
('INV01048', '8501270465083', '2017-11-22', 'Y', '2017-11-26', 'comment'),
('INV01049', '2802270531083', '2017-12-01', 'Y', '2017-12-09', 'comment'),
('INV0105', '3205230915086', '2014-03-12', 'Y', '2014-03-16', 'comment'),
('INV01050', '7312050486084', '2017-12-02', 'Y', '2017-12-06', 'comment'),
('INV01051', '5809250392081', '2017-12-04', 'Y', '2017-12-08', 'comment'),
('INV01052', '6507050556081', '2017-12-06', 'Y', '2017-12-06', 'comment'),
('INV01053', '5602060518087', '2017-12-07', 'Y', '2017-12-07', 'comment'),
('INV01054', '9509040129082', '2017-12-09', 'Y', '2017-12-14', 'comment'),
('INV01055', '1307090536085', '2017-12-13', 'Y', '2017-12-19', 'comment'),
('INV01056', '491010022086', '2017-12-14', 'Y', '2017-12-19', 'comment'),
('INV01057', '4601060264085', '2017-12-16', 'Y', '2017-12-23', 'comment'),
('INV01058', '6111040850088', '2017-12-16', 'Y', '2017-12-23', 'comment'),
('INV01059', '8508170901082', '2017-12-20', 'Y', '2017-12-28', 'comment'),
('INV0106', '9606270939081', '2014-03-12', 'Y', '2014-03-18', 'comment'),
('INV01060', '8012160653084', '2017-12-23', 'Y', '2017-12-27', 'comment'),
('INV01061', '9911090794084', '2017-12-24', 'Y', '2017-12-29', 'comment'),
('INV01062', '1908150375082', '2017-12-24', 'Y', '2018-01-01', 'comment'),
('INV01063', '8703170594084', '2017-12-25', 'Y', '2017-12-29', 'comment'),
('INV01064', '4004220578084', '2017-12-26', 'Y', '2017-12-31', 'comment'),
('INV01065', '8506270616083', '2018-01-02', 'Y', '2018-01-03', 'comment'),
('INV01066', '5206110625085', '2018-01-03', 'Y', '2018-01-11', 'comment'),
('INV01067', '6803010610087', '2018-01-04', 'Y', '2018-01-05', 'comment'),
('INV01068', '8502060290083', '2018-01-06', 'Y', '2018-01-06', 'comment'),
('INV01069', '9910060946082', '2018-01-08', 'Y', '2018-01-13', 'comment'),
('INV0107', '681014062082', '2014-03-13', 'Y', '2014-03-15', 'comment'),
('INV01070', '7704070438085', '2018-01-08', 'Y', '2018-01-16', 'comment'),
('INV01071', '2611180135088', '2018-01-12', 'Y', '2018-01-13', 'comment'),
('INV01072', '2804070757085', '2018-01-13', 'Y', '2018-01-14', 'comment'),
('INV01073', '3406260688085', '2018-01-14', 'Y', '2018-01-22', 'comment'),
('INV01074', '4909110460081', '2018-01-14', 'Y', '2018-01-21', 'comment'),
('INV01075', '9701100741082', '2018-01-15', 'Y', '2018-01-17', 'comment'),
('INV01076', '3205070928081', '2018-01-17', 'Y', '2018-01-24', 'comment'),
('INV01077', '7804050808083', '2018-01-17', 'Y', '2018-01-19', 'comment'),
('INV01078', '8709250986088', '2018-01-19', 'Y', '2018-01-22', 'comment'),
('INV01079', '8504060165087', '2018-01-21', 'Y', '2018-01-25', 'comment'),
('INV0108', '5102060208085', '2014-03-13', 'Y', '2014-03-15', 'comment'),
('INV01080', '7610250179087', '2018-01-22', 'Y', '2018-01-24', 'comment'),
('INV01081', '3205070928081', '2018-01-22', 'Y', '2018-01-26', 'comment'),
('INV01082', '2711130236088', '2018-01-23', 'Y', '2018-01-30', 'comment'),
('INV01083', '2802270531083', '2018-01-26', 'Y', '2018-01-29', 'comment'),
('INV01084', '9701100285087', '2018-01-27', 'Y', '2018-02-03', 'comment'),
('INV01085', '5703210321082', '2018-01-27', 'Y', '2018-01-28', 'comment'),
('INV01086', '1704180177085', '2018-01-28', 'Y', '2018-02-07', 'comment'),
('INV01087', '6808120518082', '2018-02-01', 'Y', '2018-02-10', 'comment'),
('INV01088', '5002180199088', '2018-02-01', 'Y', '2018-02-11', 'comment'),
('INV01089', '9902110250084', '2018-02-01', 'Y', '2018-02-11', 'comment'),
('INV0109', '2202040449087', '2014-03-16', 'Y', '2014-03-18', 'comment'),
('INV01090', '4509220879086', '2018-02-01', 'Y', '2018-02-10', 'comment'),
('INV01091', '4512030696084', '2018-02-02', 'Y', '2018-02-02', 'comment'),
('INV01092', '2902030264083', '2018-02-02', 'Y', '2018-02-04', 'comment'),
('INV01093', '4207260415085', '2018-02-03', 'Y', '2018-02-09', 'comment'),
('INV01094', '9701100285087', '2018-02-03', 'Y', '2018-02-05', 'comment'),
('INV01095', '1010190221088', '2018-02-03', 'Y', '2018-02-03', 'comment'),
('INV01096', '9606270939081', '2018-02-03', 'Y', '2018-02-06', 'comment'),
('INV01097', '3203230938086', '2018-02-04', 'Y', '2018-02-06', 'comment'),
('INV01098', '9103060340082', '2018-02-05', 'Y', '2018-02-06', 'comment'),
('INV01099', '7512130745085', '2018-02-05', 'Y', '2018-02-14', 'comment'),
('INV0110', '8610120779086', '2014-03-18', 'Y', '2014-03-18', 'comment'),
('INV01100', '5512080417086', '2018-02-06', 'Y', '2018-02-14', 'comment'),
('INV01101', '6810160795088', '2018-02-06', 'Y', '2018-02-09', 'comment'),
('INV01102', '9811220178083', '2018-02-07', 'Y', '2018-02-09', 'comment'),
('INV01103', '6005080590081', '2018-02-07', 'Y', '2018-02-14', 'comment'),
('INV01104', '5102060208085', '2018-02-08', 'Y', '2018-02-10', 'comment'),
('INV01105', '9109270875081', '2018-02-08', 'Y', '2018-02-18', 'comment'),
('INV01106', '4110240825083', '2018-02-10', 'Y', '2018-02-14', 'comment'),
('INV01107', '3505100334081', '2018-02-10', 'Y', '2018-02-16', 'comment'),
('INV01108', '9304280349087', '2018-02-13', 'Y', '2018-02-23', 'comment'),
('INV01109', '1011160807087', '2018-02-13', 'Y', '2018-02-19', 'comment'),
('INV0111', '3508130716085', '2014-03-20', 'Y', '2014-03-22', 'comment'),
('INV01110', '9202010527088', '2018-02-14', 'Y', '2018-02-21', 'comment'),
('INV01111', '9212120894085', '2018-02-15', 'Y', '2018-02-24', 'comment'),
('INV01112', '4509140295084', '2018-02-15', 'Y', '2018-02-21', 'comment'),
('INV01113', '6602070398082', '2018-02-16', 'Y', '2018-02-18', 'comment'),
('INV01114', '5209150693082', '2018-02-18', 'Y', '2018-02-25', 'comment'),
('INV01115', '2906040747081', '2018-02-18', 'Y', '2018-02-26', 'comment'),
('INV01116', '1401030341085', '2018-02-18', 'Y', '2018-02-20', 'comment'),
('INV01117', '740501094086', '2018-02-19', 'Y', '2018-02-28', 'comment'),
('INV01118', '3305280817081', '2018-02-20', 'Y', '2018-02-26', 'comment'),
('INV01119', '8612040918085', '2018-02-21', 'Y', '2018-02-23', 'comment'),
('INV0112', '9307040620082', '2014-03-21', 'Y', '2014-03-30', 'comment'),
('INV01120', '4504280921086', '2018-02-23', 'Y', '2018-03-05', 'comment'),
('INV01121', '4403190822084', '2018-02-23', 'Y', '2018-02-24', 'comment'),
('INV01122', '1104280343081', '2018-02-25', 'Y', '2018-03-07', 'comment'),
('INV01123', '5907270761084', '2018-02-26', 'Y', '2018-03-02', 'comment'),
('INV01124', '5704100297086', '2018-02-27', 'Y', '2018-03-05', 'comment'),
('INV01125', '7411170290083', '2018-03-01', 'Y', '2018-03-01', 'comment'),
('INV01126', '521023092081', '2018-03-02', 'Y', '2018-03-03', 'comment'),
('INV01127', '9408100658087', '2018-03-05', 'Y', '2018-03-06', 'comment'),
('INV01128', '5102060208085', '2018-03-05', 'Y', '2018-03-05', 'comment'),
('INV01129', '7411170290083', '2018-03-06', 'Y', '2018-03-16', 'comment'),
('INV0113', '5809170914084', '2014-03-21', 'Y', '2014-03-23', 'comment'),
('INV01130', '3306170196085', '2018-03-07', 'Y', '2018-03-09', 'comment'),
('INV01131', '8406270311082', '2018-03-07', 'Y', '2018-03-14', 'comment'),
('INV01132', '991212074083', '2018-03-08', 'Y', '2018-03-17', 'comment'),
('INV01133', '1512170591085', '2018-03-09', 'Y', '2018-03-19', 'comment'),
('INV01134', '2907080814082', '2018-03-11', 'Y', '2018-03-21', 'comment'),
('INV01135', '3406260688085', '2018-03-11', 'Y', '2018-03-21', 'comment'),
('INV01136', '3406260688085', '2018-03-12', 'Y', '2018-03-20', 'comment'),
('INV01137', '7805110427084', '2018-03-12', 'Y', '2018-03-15', 'comment'),
('INV01138', '6412050862088', '2018-03-12', 'Y', '2018-03-12', 'comment'),
('INV01139', '9901030534081', '2018-03-13', 'Y', '2018-03-13', 'comment'),
('INV0114', '1709240402082', '2014-03-22', 'Y', '2014-03-26', 'comment'),
('INV01140', '4910190324088', '2018-03-14', 'Y', '2018-03-19', 'comment'),
('INV01141', '1105280586088', '2018-03-14', 'Y', '2018-03-19', 'comment'),
('INV01142', '2109180750085', '2018-03-15', 'Y', '2018-03-16', 'comment'),
('INV01143', '8906230122083', '2018-03-19', 'Y', '2018-03-26', 'comment'),
('INV01144', '4601060264085', '2018-03-19', 'Y', '2018-03-27', 'comment'),
('INV01145', '5009140926088', '2018-03-19', 'Y', '2018-03-28', 'comment'),
('INV01146', '4102140915085', '2018-03-20', 'Y', '2018-03-25', 'comment'),
('INV01147', '4802050681086', '2018-03-21', 'Y', '2018-03-23', 'comment'),
('INV01148', '7801120638083', '2018-03-23', 'Y', '2018-03-31', 'comment'),
('INV01149', '9609270686085', '2018-03-23', 'Y', '2018-03-31', 'comment'),
('INV0115', '2802270531083', '2014-03-24', 'Y', '2014-04-02', 'comment'),
('INV01150', '4011110520082', '2018-03-24', 'Y', '2018-03-27', 'comment'),
('INV01151', '6910130773087', '2018-03-24', 'Y', '2018-03-28', 'comment'),
('INV01152', '6609200993085', '2018-03-25', 'Y', '2018-03-25', 'comment'),
('INV01153', '6802050633083', '2018-03-25', 'Y', '2018-03-29', 'comment'),
('INV01154', '5512160318087', '2018-03-26', 'Y', '2018-03-28', 'comment'),
('INV01155', '5210250933083', '2018-03-28', 'Y', '2018-03-29', 'comment'),
('INV01156', '3602250350086', '2018-03-28', 'Y', '2018-04-07', 'comment'),
('INV01157', '6408200513081', '2018-03-28', 'Y', '2018-04-07', 'comment'),
('INV01158', '6507050556081', '2018-04-01', 'Y', '2018-04-10', 'comment'),
('INV01159', '6107030710088', '2018-04-03', 'Y', '2018-04-13', 'comment'),
('INV0116', '531127094084', '2014-03-26', 'Y', '2014-03-28', 'comment'),
('INV01160', '8810240788083', '2018-04-05', 'Y', '2018-04-06', 'comment'),
('INV01161', '4812160561083', '2018-04-05', 'Y', '2018-04-11', 'comment'),
('INV01162', '9902110250084', '2018-04-06', 'Y', '2018-04-09', 'comment'),
('INV01163', '3508130716085', '2018-04-07', 'Y', '2018-04-11', 'comment'),
('INV01164', '8009100659085', '2018-04-07', 'Y', '2018-04-15', 'comment'),
('INV01165', '3508030550085', '2018-04-08', 'Y', '2018-04-10', 'comment'),
('INV01166', '991212074083', '2018-04-08', 'Y', '2018-04-09', 'comment'),
('INV01167', '580512061088', '2018-04-09', 'Y', '2018-04-16', 'comment'),
('INV01168', '8802220958083', '2018-04-09', 'Y', '2018-04-16', 'comment'),
('INV01169', '7108280360087', '2018-04-10', 'Y', '2018-04-16', 'comment'),
('INV0117', '4708110702087', '2014-04-04', 'Y', '2014-04-09', 'comment'),
('INV01170', '3211200919082', '2018-04-12', 'Y', '2018-04-18', 'comment'),
('INV01171', '1503200793088', '2018-04-12', 'Y', '2018-04-22', 'comment'),
('INV01172', '5002180199088', '2018-04-12', 'Y', '2018-04-22', 'comment'),
('INV01173', '1603220911086', '2018-04-13', 'Y', '2018-04-17', 'comment'),
('INV01174', '7101110702082', '2018-04-15', 'Y', '2018-04-22', 'comment'),
('INV01175', '3001280724084', '2018-04-16', 'Y', '2018-04-22', 'comment'),
('INV01176', '7701260528087', '2018-04-16', 'Y', '2018-04-25', 'comment'),
('INV01177', '950310057086', '2018-04-16', 'Y', '2018-04-22', 'comment'),
('INV01178', '7303120569085', '2018-04-16', 'Y', '2018-04-19', 'comment'),
('INV01179', '8209260885087', '2018-04-16', 'Y', '2018-04-20', 'comment'),
('INV0118', '5706200140082', '2014-04-05', 'Y', '2014-04-06', 'comment'),
('INV01180', '4812160561083', '2018-04-17', 'Y', '2018-04-21', 'comment'),
('INV01181', '7108280360087', '2018-04-18', 'Y', '2018-04-28', 'comment'),
('INV01182', '2011240231088', '2018-04-21', 'Y', '2018-04-29', 'comment'),
('INV01183', '9408100658087', '2018-04-21', 'Y', '2018-04-24', 'comment'),
('INV01184', '5009140926088', '2018-04-21', 'Y', '2018-04-24', 'comment'),
('INV01185', '4207260415085', '2018-04-21', 'Y', '2018-04-22', 'comment'),
('INV01186', '8709250986088', '2018-04-23', 'Y', '2018-04-24', 'comment'),
('INV01187', '530628013085', '2018-04-23', 'Y', '2018-05-01', 'comment'),
('INV01188', '491010022086', '2018-04-23', 'Y', '2018-04-30', 'comment'),
('INV01189', '7707250934088', '2018-04-23', 'Y', '2018-04-26', 'comment'),
('INV0119', '2809260609084', '2014-04-06', 'Y', '2014-04-13', 'comment'),
('INV01190', '4601060401083', '2018-04-24', 'Y', '2018-04-30', 'comment'),
('INV01191', '6107030710088', '2018-04-25', 'Y', '2018-05-05', 'comment'),
('INV01192', '511127046082', '2018-04-25', 'Y', '2018-05-04', 'comment'),
('INV01193', '2805070756085', '2018-04-25', 'Y', '2018-04-29', 'comment'),
('INV01194', '5001110128088', '2018-04-25', 'Y', '2018-05-03', 'comment'),
('INV01195', '670305077081', '2018-04-28', 'Y', '2018-05-08', 'comment'),
('INV01196', '1011060902084', '2018-04-28', 'Y', '2018-05-05', 'comment'),
('INV01197', '4508260675083', '2018-05-01', 'Y', '2018-05-08', 'comment'),
('INV01198', '2612230397082', '2018-05-05', 'Y', '2018-05-12', 'comment'),
('INV01199', '1807070505082', '2018-05-06', 'Y', '2018-05-09', 'comment'),
('INV0120', '8501030560088', '2014-04-08', 'Y', '2014-04-12', 'comment'),
('INV01200', '6404230631085', '2018-05-06', 'Y', '2018-05-11', 'comment'),
('INV01201', '7108280360087', '2018-05-08', 'Y', '2018-05-17', 'comment'),
('INV01202', '5608240727082', '2018-05-10', 'Y', '2018-05-18', 'comment'),
('INV01203', '1705180376087', '2018-05-11', 'Y', '2018-05-16', 'comment'),
('INV01204', '3001280724084', '2018-05-11', 'Y', '2018-05-19', 'comment'),
('INV01205', '7001190645085', '2018-05-12', 'Y', '2018-05-17', 'comment'),
('INV01206', '510915039082', '2018-05-13', 'Y', '2018-05-22', 'comment'),
('INV01207', '3906250668088', '2018-05-14', 'Y', '2018-05-20', 'comment'),
('INV01208', '2411070180081', '2018-05-14', 'Y', '2018-05-18', 'comment'),
('INV01209', '8807130418086', '2018-05-15', 'Y', '2018-05-25', 'comment'),
('INV0121', '7107150227081', '2014-04-09', 'Y', '2014-04-16', 'comment'),
('INV01210', '7610250179087', '2018-05-15', 'Y', '2018-05-17', 'comment'),
('INV01211', '8802220958083', '2018-05-16', 'Y', '2018-05-19', 'comment'),
('INV01212', '4104200140083', '2018-05-17', 'Y', '2018-05-20', 'comment'),
('INV01213', '9910120124085', '2018-05-17', 'Y', '2018-05-27', 'comment'),
('INV01214', '8210240595083', '2018-05-18', 'Y', '2018-05-21', 'comment'),
('INV01215', '47072706087', '2018-05-20', 'Y', '2018-05-23', 'comment'),
('INV01216', '950310057086', '2018-05-20', 'Y', '2018-05-23', 'comment'),
('INV01217', '5809170914084', '2018-05-22', 'Y', '2018-05-29', 'comment'),
('INV01218', '7107150227081', '2018-05-23', 'Y', '2018-05-29', 'comment'),
('INV01219', '3205230915086', '2018-05-25', 'Y', '2018-05-27', 'comment'),
('INV0122', '5505090581082', '2014-04-09', 'Y', '2014-04-19', 'comment'),
('INV01220', '4906270884086', '2018-05-25', 'Y', '2018-06-04', 'comment'),
('INV01221', '1608130591087', '2018-05-26', 'Y', '2018-05-29', 'comment'),
('INV01222', '8906120948084', '2018-05-27', 'Y', '2018-06-01', 'comment'),
('INV01223', '1908150375082', '2018-05-27', 'Y', '2018-05-28', 'comment'),
('INV01224', '1805020907085', '2018-05-28', 'Y', '2018-05-31', 'comment'),
('INV01225', '1005260157083', '2018-06-01', 'Y', '2018-06-05', 'comment'),
('INV01226', '9502240191083', '2018-06-03', 'Y', '2018-06-12', 'comment'),
('INV01227', '5910030388087', '2018-06-03', 'Y', '2018-06-10', 'comment'),
('INV01228', '3602250350086', '2018-06-05', 'Y', '2018-06-08', 'comment'),
('INV01229', '7609090369085', '2018-06-07', 'Y', '2018-06-09', 'comment'),
('INV0123', '3906250668088', '2014-04-11', 'Y', '2014-04-18', 'comment'),
('INV01230', '7907160124082', '2018-06-08', 'Y', '2018-06-15', 'comment'),
('INV01231', '7704070438085', '2018-06-08', 'Y', '2018-06-14', 'comment'),
('INV01232', '1203280171086', '2018-06-09', 'Y', '2018-06-12', 'comment'),
('INV01233', '1311040718081', '2018-06-12', 'Y', '2018-06-19', 'comment'),
('INV01234', '630710012087', '2018-06-12', 'Y', '2018-06-17', 'comment'),
('INV01235', '3708100193088', '2018-06-13', 'Y', '2018-06-13', 'comment'),
('INV01236', '8101060996085', '2018-06-14', 'Y', '2018-06-16', 'comment'),
('INV01237', 'Client_id', '2018-06-14', 'Y', '2018-06-24', 'comment'),
('INV01238', '2808250506083', '2018-06-15', 'Y', '2018-06-16', 'comment'),
('INV01239', '6907130694085', '2018-06-15', 'Y', '2018-06-19', 'comment'),
('INV0124', '8504060165087', '2014-04-12', 'Y', '2014-04-22', 'comment'),
('INV01240', '5805130165085', '2018-06-17', 'Y', '2018-06-17', 'comment'),
('INV01241', '2011240231088', '2018-06-17', 'Y', '2018-06-19', 'comment'),
('INV01242', '4103240120082', '2018-06-17', 'Y', '2018-06-24', 'comment'),
('INV01243', '7906010195081', '2018-06-18', 'Y', '2018-06-28', 'comment'),
('INV01244', '740501094086', '2018-06-21', 'Y', '2018-07-01', 'comment'),
('INV01245', '1311040718081', '2018-06-21', 'Y', '2018-06-21', 'comment'),
('INV01246', '5907270761084', '2018-06-21', 'Y', '2018-06-26', 'comment'),
('INV01247', '1807070505082', '2018-06-25', 'Y', '2018-06-27', 'comment'),
('INV01248', '2511130529083', '2018-06-25', 'Y', '2018-07-03', 'comment'),
('INV01249', '2704170868088', '2018-06-25', 'Y', '2018-07-02', 'comment'),
('INV0125', '8005030611082', '2014-04-13', 'Y', '2014-04-20', 'comment'),
('INV01250', '2608180553088', '2018-06-26', 'Y', '2018-06-26', 'comment'),
('INV01251', '5109080251088', '2018-06-28', 'Y', '2018-07-07', 'comment'),
('INV01252', '1204030632082', '2018-06-28', 'Y', '2018-07-04', 'comment'),
('INV01253', '2605150205088', '2018-07-01', 'Y', '2018-07-06', 'comment'),
('INV01254', '1709280678088', '2018-07-03', 'Y', '2018-07-05', 'comment'),
('INV01255', '5805130165085', '2018-07-03', 'Y', '2018-07-05', 'comment'),
('INV01256', '1501200671081', '2018-07-03', 'Y', '2018-07-07', 'comment'),
('INV01257', '6204260308088', '2018-07-05', 'Y', '2018-07-12', 'comment'),
('INV01258', '9601060188087', '2018-07-06', 'Y', '2018-07-12', 'comment'),
('INV01259', '730823030086', '2018-07-06', 'Y', '2018-07-08', 'comment'),
('INV0126', '6311250169086', '2014-04-19', 'Y', '2014-04-23', 'comment'),
('INV01260', '2709210905082', '2018-07-07', 'Y', '2018-07-14', 'comment'),
('INV01261', '851123068082', '2018-07-08', 'Y', '2018-07-11', 'comment'),
('INV01262', '2009210740082', '2018-07-09', 'Y', '2018-07-10', 'comment'),
('INV01263', '511127046082', '2018-07-10', 'Y', '2018-07-13', 'comment'),
('INV01264', '9611120247088', '2018-07-12', 'Y', '2018-07-22', 'comment'),
('INV01265', '2205140565082', '2018-07-12', 'Y', '2018-07-17', 'comment'),
('INV01266', '4804180882084', '2018-07-12', 'Y', '2018-07-13', 'comment'),
('INV01267', '3911070339085', '2018-07-13', 'Y', '2018-07-18', 'comment'),
('INV01268', '5502200833083', '2018-07-14', 'Y', '2018-07-19', 'comment'),
('INV01269', '1709280678088', '2018-07-17', 'Y', '2018-07-19', 'comment'),
('INV0127', '8802220958083', '2014-04-28', 'Y', '2014-05-08', 'comment'),
('INV01270', '9212120894085', '2018-07-18', 'Y', '2018-07-27', 'comment'),
('INV01271', '8210240595083', '2018-07-18', 'Y', '2018-07-21', 'comment'),
('INV01272', '8506270616083', '2018-07-20', 'Y', '2018-07-30', 'comment'),
('INV01273', '8703280117084', '2018-07-20', 'Y', '2018-07-25', 'comment'),
('INV01274', '1704180177085', '2018-07-20', 'Y', '2018-07-29', 'comment'),
('INV01275', '660620054086', '2018-07-20', 'Y', '2018-07-20', 'comment'),
('INV01276', '6507070463082', '2018-07-20', 'Y', '2018-07-20', 'comment'),
('INV01277', '3809260231088', '2018-07-21', 'Y', '2018-07-21', 'comment'),
('INV01278', '2210130900088', '2018-07-24', 'Y', '2018-07-27', 'comment'),
('INV01279', '7610250179087', '2018-07-26', 'Y', '2018-07-29', 'comment'),
('INV0128', '8502060290083', '2014-04-28', 'Y', '2014-04-28', 'comment'),
('INV01280', '9503010970083', '2018-07-26', 'Y', '2018-07-31', 'comment'),
('INV01281', '8502060290083', '2018-07-27', 'Y', '2018-07-31', 'comment'),
('INV01282', '7609110201086', '2018-08-03', 'Y', '2018-08-08', 'comment'),
('INV01283', '7002130927081', '2018-08-06', 'Y', '2018-08-07', 'comment'),
('INV01284', '82032206087', '2018-08-08', 'Y', '2018-08-11', 'comment'),
('INV01285', '4906270884086', '2018-08-08', 'Y', '2018-08-09', 'comment'),
('INV01286', '1005260157083', '2018-08-09', 'Y', '2018-08-14', 'comment'),
('INV01287', '8407030360083', '2018-08-10', 'Y', '2018-08-13', 'comment'),
('INV01288', '5505090581082', '2018-08-10', 'Y', '2018-08-13', 'comment'),
('INV01289', '3610150249083', '2018-08-12', 'Y', '2018-08-17', 'comment'),
('INV0129', '82032206087', '2014-05-05', 'Y', '2014-05-13', 'comment'),
('INV01290', '6609200993085', '2018-08-12', 'Y', '2018-08-18', 'comment'),
('INV01291', '2008190919082', '2018-08-13', 'Y', '2018-08-23', 'comment'),
('INV01292', '3411260488085', '2018-08-14', 'Y', '2018-08-20', 'comment'),
('INV01293', '2009210740082', '2018-08-14', 'Y', '2018-08-21', 'comment'),
('INV01294', '7512130745085', '2018-08-15', 'Y', '2018-08-16', 'comment'),
('INV01295', '9902110250084', '2018-08-16', 'Y', '2018-08-17', 'comment'),
('INV01296', '9109270875081', '2018-08-16', 'Y', '2018-08-21', 'comment'),
('INV01297', '3911070339085', '2018-08-17', 'Y', '2018-08-18', 'comment'),
('INV01298', '400422050085', '2018-08-20', 'Y', '2018-08-27', 'comment'),
('INV01299', '5210250933083', '2018-08-20', 'Y', '2018-08-22', 'comment'),
('INV0130', '9109270875081', '2014-05-05', 'Y', '2014-05-10', 'comment'),
('INV01300', '2807090965085', '2018-08-20', 'Y', '2018-08-26', 'comment'),
('INV01301', '5612220214081', '2018-08-21', 'Y', '2018-08-26', 'comment'),
('INV01302', '1204030632082', '2018-08-23', 'Y', '2018-08-26', 'comment'),
('INV01303', '5505230875081', '2018-08-23', 'Y', '2018-08-28', 'comment'),
('INV01304', '2807090965085', '2018-08-24', 'Y', '2018-09-01', 'comment'),
('INV01305', '3406260688085', '2018-08-24', 'Y', '2018-09-03', 'comment'),
('INV01306', '3912200408082', '2018-08-24', 'Y', '2018-08-24', 'comment'),
('INV01307', '1803090222085', '2018-08-25', 'Y', '2018-09-01', 'comment'),
('INV01308', '1203280171086', '2018-08-25', 'Y', '2018-08-31', 'comment'),
('INV01309', '7609240686081', '2018-08-25', 'Y', '2018-08-25', 'comment'),
('INV0131', '7505030416082', '2014-05-11', 'Y', '2014-05-16', 'comment'),
('INV01310', '6308240548084', '2018-08-26', 'Y', '2018-08-31', 'comment'),
('INV01311', '2201120350085', '2018-08-27', 'Y', '2018-09-04', 'comment'),
('INV01312', '1705180376087', '2018-08-27', 'Y', '2018-09-03', 'comment'),
('INV01313', '6412170702085', '2018-08-28', 'Y', '2018-09-01', 'comment'),
('INV01314', '151021036088', '2018-09-01', 'Y', '2018-09-08', 'comment'),
('INV01315', '8508170901082', '2018-09-02', 'Y', '2018-09-03', 'comment'),
('INV01316', '4403190822084', '2018-09-03', 'Y', '2018-09-12', 'comment'),
('INV01317', '5206110625085', '2018-09-03', 'Y', '2018-09-09', 'comment'),
('INV01318', '1906040694086', '2018-09-05', 'Y', '2018-09-08', 'comment'),
('INV01319', '6107030710088', '2018-09-05', 'Y', '2018-09-05', 'comment'),
('INV0132', '2804220399085', '2014-05-11', 'Y', '2014-05-15', 'comment'),
('INV01320', '8012160653084', '2018-09-05', 'Y', '2018-09-12', 'comment'),
('INV01321', '6404210377085', '2018-09-05', 'Y', '2018-09-11', 'comment'),
('INV01322', '5109080251088', '2018-09-06', 'Y', '2018-09-13', 'comment'),
('INV01323', '8908220122088', '2018-09-07', 'Y', '2018-09-15', 'comment'),
('INV01324', '2605150205088', '2018-09-08', 'Y', '2018-09-13', 'comment'),
('INV01325', '8004280354084', '2018-09-09', 'Y', '2018-09-18', 'comment'),
('INV01326', '4701240299087', '2018-09-09', 'Y', '2018-09-16', 'comment'),
('INV01327', '4403190822084', '2018-09-10', 'Y', '2018-09-12', 'comment'),
('INV01328', '8610120779086', '2018-09-10', 'Y', '2018-09-20', 'comment'),
('INV01329', '8209260885087', '2018-09-12', 'Y', '2018-09-17', 'comment'),
('INV0133', '4110240825083', '2014-05-16', 'Y', '2014-05-18', 'comment'),
('INV01330', '2008190919082', '2018-09-12', 'Y', '2018-09-14', 'comment'),
('INV01331', '3405190169081', '2018-09-12', 'Y', '2018-09-16', 'comment'),
('INV01332', '1012070281082', '2018-09-13', 'Y', '2018-09-20', 'comment'),
('INV01333', '9204240981082', '2018-09-13', 'Y', '2018-09-20', 'comment'),
('INV01334', '2011240231088', '2018-09-13', 'Y', '2018-09-23', 'comment'),
('INV01335', '6507120107086', '2018-09-15', 'Y', '2018-09-23', 'comment'),
('INV01336', '2309220589087', '2018-09-16', 'Y', '2018-09-24', 'comment'),
('INV01337', '5001070584088', '2018-09-16', 'Y', '2018-09-18', 'comment'),
('INV01338', '6511130973087', '2018-09-19', 'Y', '2018-09-21', 'comment'),
('INV01339', '2109180750085', '2018-09-23', 'Y', '2018-09-28', 'comment'),
('INV0134', '1311240354085', '2014-05-17', 'Y', '2014-05-19', 'comment'),
('INV01340', '8209260885087', '2018-09-24', 'Y', '2018-09-25', 'comment'),
('INV01341', '4901240565082', '2018-09-24', 'Y', '2018-09-30', 'comment'),
('INV01342', '7403250912088', '2018-09-25', 'Y', '2018-10-01', 'comment'),
('INV01343', '3509040348083', '2018-09-26', 'Y', '2018-09-30', 'comment'),
('INV01344', '7108280360087', '2018-09-26', 'Y', '2018-09-27', 'comment'),
('INV01345', '9908260536088', '2018-09-28', 'Y', '2018-10-08', 'comment'),
('INV01346', '3505100334081', '2018-09-28', 'Y', '2018-09-28', 'comment'),
('INV01347', '1205040963082', '2018-10-01', 'Y', '2018-10-07', 'comment'),
('INV01348', '1805020907085', '2018-10-02', 'Y', '2018-10-05', 'comment'),
('INV01349', '1501200671081', '2018-10-04', 'Y', '2018-10-08', 'comment'),
('INV0135', '3509040348083', '2014-05-19', 'Y', '2014-05-23', 'comment'),
('INV01350', '510523033088', '2018-10-04', 'Y', '2018-10-11', 'comment'),
('INV01351', '3811210932081', '2018-10-05', 'Y', '2018-10-15', 'comment'),
('INV01352', '2012190284086', '2018-10-06', 'Y', '2018-10-09', 'comment'),
('INV01353', '2811170937087', '2018-10-07', 'Y', '2018-10-08', 'comment'),
('INV01354', '3509040348083', '2018-10-08', 'Y', '2018-10-15', 'comment'),
('INV01355', '2811170937087', '2018-10-08', 'Y', '2018-10-10', 'comment'),
('INV01356', '1807070505082', '2018-10-10', 'Y', '2018-10-18', 'comment'),
('INV01357', '2411070180081', '2018-10-11', 'Y', '2018-10-17', 'comment'),
('INV01358', '8005030611082', '2018-10-12', 'Y', '2018-10-18', 'comment'),
('INV01359', '82032206087', '2018-10-12', 'Y', '2018-10-19', 'comment'),
('INV0136', '82032206087', '2014-05-21', 'Y', '2014-05-30', 'comment'),
('INV01360', '9901030534081', '2018-10-13', 'Y', '2018-10-16', 'comment'),
('INV01361', '4603230789086', '2018-10-13', 'Y', '2018-10-23', 'comment'),
('INV01362', '5505120413085', '2018-10-16', 'Y', '2018-10-20', 'comment'),
('INV01363', '4603230789086', '2018-10-16', 'Y', '2018-10-20', 'comment'),
('INV01364', '5901150381088', '2018-10-17', 'Y', '2018-10-27', 'comment'),
('INV01365', '8703280117084', '2018-10-17', 'Y', '2018-10-18', 'comment'),
('INV01366', '4403190822084', '2018-10-17', 'Y', '2018-10-23', 'comment'),
('INV01367', '8105100593086', '2018-10-18', 'Y', '2018-10-22', 'comment'),
('INV01368', '9412180136082', '2018-10-18', 'Y', '2018-10-28', 'comment'),
('INV01369', '7004060440082', '2018-10-20', 'Y', '2018-10-22', 'comment'),
('INV0137', '6803010610087', '2014-05-22', 'Y', '2014-06-01', 'comment'),
('INV01370', '3211200919082', '2018-10-23', 'Y', '2018-11-01', 'comment'),
('INV01371', '7609090369085', '2018-10-23', 'Y', '2018-10-30', 'comment'),
('INV01372', '8610120779086', '2018-10-24', 'Y', '2018-10-26', 'comment'),
('INV01373', '290611026087', '2018-10-24', 'Y', '2018-10-29', 'comment'),
('INV01374', '6111260929085', '2018-10-26', 'Y', '2018-10-29', 'comment'),
('INV01375', '9110230494081', '2018-10-26', 'Y', '2018-10-28', 'comment'),
('INV01376', '1205040963082', '2018-10-26', 'Y', '2018-11-05', 'comment'),
('INV01377', '7001190645085', '2018-10-27', 'Y', '2018-11-02', 'comment'),
('INV01378', '4003100886084', '2018-10-27', 'Y', '2018-10-28', 'comment'),
('INV01379', '8703280117084', '2018-11-01', 'Y', '2018-11-03', 'comment'),
('INV0138', '4802050681086', '2014-05-25', 'Y', '2014-05-29', 'comment'),
('INV01380', '2711130236088', '2018-11-01', 'Y', '2018-11-01', 'comment'),
('INV01381', '5704100297086', '2018-11-01', 'Y', '2018-11-06', 'comment'),
('INV01382', '7312050486084', '2018-11-02', 'Y', '2018-11-06', 'comment'),
('INV01383', '8610120779086', '2018-11-03', 'Y', '2018-11-06', 'comment'),
('INV01384', '7912110951087', '2018-11-03', 'Y', '2018-11-06', 'comment'),
('INV01385', '6404210377085', '2018-11-04', 'Y', '2018-11-13', 'comment'),
('INV01386', '1501200671081', '2018-11-04', 'Y', '2018-11-10', 'comment'),
('INV01387', '1205040963082', '2018-11-05', 'Y', '2018-11-14', 'comment'),
('INV01388', '8209260885087', '2018-11-06', 'Y', '2018-11-11', 'comment'),
('INV01389', '8504060165087', '2018-11-07', 'Y', '2018-11-08', 'comment'),
('INV0139', '9210110388086', '2014-05-26', 'Y', '2014-06-03', 'comment'),
('INV01390', '4512030696084', '2018-11-08', 'Y', '2018-11-16', 'comment'),
('INV01391', '3911070339085', '2018-11-08', 'Y', '2018-11-10', 'comment'),
('INV01392', '6209040562083', '2018-11-09', 'Y', '2018-11-19', 'comment'),
('INV01393', '5505090581082', '2018-11-09', 'Y', '2018-11-14', 'comment'),
('INV01394', '9701100741082', '2018-11-10', 'Y', '2018-11-11', 'comment'),
('INV01395', '4910190324088', '2018-11-10', 'Y', '2018-11-17', 'comment'),
('INV01396', '3912200408082', '2018-11-10', 'Y', '2018-11-11', 'comment'),
('INV01397', '2809270394087', '2018-11-11', 'Y', '2018-11-18', 'comment'),
('INV01398', '510523033088', '2018-11-12', 'Y', '2018-11-19', 'comment'),
('INV01399', '2201120350085', '2018-11-12', 'Y', '2018-11-22', 'comment'),
('INV0140', '9003280235085', '2014-05-26', 'Y', '2014-06-05', 'comment'),
('INV01400', '1003280163086', '2018-11-13', 'Y', '2018-11-14', 'comment'),
('INV01401', '2811240555087', '2018-11-13', 'Y', '2018-11-17', 'comment'),
('INV01402', '3909170450081', '2018-11-14', 'Y', '2018-11-20', 'comment'),
('INV01403', '4710160845084', '2018-11-14', 'Y', '2018-11-17', 'comment'),
('INV01404', '2804070757085', '2018-11-15', 'Y', '2018-11-23', 'comment'),
('INV01405', '5705080129087', '2018-11-15', 'Y', '2018-11-16', 'comment'),
('INV01406', '7303120569085', '2018-11-16', 'Y', '2018-11-19', 'comment'),
('INV01407', '1704180177085', '2018-11-17', 'Y', '2018-11-19', 'comment'),
('INV01408', '780622020088', '2018-11-17', 'Y', '2018-11-26', 'comment'),
('INV01409', '4702060556086', '2018-11-18', 'Y', '2018-11-20', 'comment'),
('INV0141', '9210160769082', '2014-05-26', 'Y', '2014-05-30', 'comment'),
('INV01410', '4708110702087', '2018-11-18', 'Y', '2018-11-26', 'comment'),
('INV01411', '4410200801082', '2018-11-18', 'Y', '2018-11-18', 'comment'),
('INV01412', '7906010195081', '2018-11-20', 'Y', '2018-11-28', 'comment'),
('INV01413', '4011110520082', '2018-11-22', 'Y', '2018-12-01', 'comment'),
('INV01414', '5710230923081', '2018-11-22', 'Y', '2018-11-25', 'comment'),
('INV01415', '4510260369082', '2018-11-24', 'Y', '2018-12-01', 'comment'),
('INV01416', '4403190822084', '2018-11-24', 'Y', '2018-12-02', 'comment'),
('INV01417', '9405050739085', '2018-11-24', 'Y', '2018-12-01', 'comment'),
('INV01418', '1604070370087', '2018-11-24', 'Y', '2018-11-30', 'comment'),
('INV01419', '580512061088', '2018-11-26', 'Y', '2018-11-28', 'comment'),
('INV0142', '4906270884086', '2014-06-03', 'Y', '2014-06-09', 'comment'),
('INV01420', '2902030264083', '2018-11-26', 'Y', '2018-11-28', 'comment'),
('INV01421', '670305077081', '2018-11-26', 'Y', '2018-11-28', 'comment'),
('INV01422', '6705050635085', '2018-11-27', 'Y', '2018-11-30', 'comment'),
('INV01423', '6404230631085', '2018-11-28', 'Y', '2018-11-30', 'comment'),
('INV01424', '8101060996085', '2018-12-01', 'Y', '2018-12-02', 'comment'),
('INV01425', '8104260177081', '2018-12-01', 'Y', '2018-12-11', 'comment'),
('INV01426', '4511070585086', '2018-12-02', 'Y', '2018-12-11', 'comment'),
('INV01427', '4003100886084', '2018-12-03', 'Y', '2018-12-06', 'comment'),
('INV01428', '6603100144082', '2018-12-04', 'Y', '2018-12-10', 'comment'),
('INV01429', '640428082086', '2018-12-06', 'Y', '2018-12-11', 'comment'),
('INV0143', '2811170937087', '2014-06-05', 'Y', '2014-06-11', 'comment'),
('INV01430', '7411170290083', '2018-12-06', 'Y', '2018-12-12', 'comment'),
('INV01431', '2608180553088', '2018-12-07', 'Y', '2018-12-14', 'comment'),
('INV01432', '8006220732085', '2018-12-07', 'Y', '2018-12-10', 'comment'),
('INV01433', '9701100741082', '2018-12-07', 'Y', '2018-12-17', 'comment'),
('INV01434', '3508130716085', '2018-12-07', 'Y', '2018-12-14', 'comment'),
('INV01435', '5608060712087', '2018-12-08', 'Y', '2018-12-16', 'comment'),
('INV01436', '6609200993085', '2018-12-09', 'Y', '2018-12-13', 'comment'),
('INV01437', '4812160561083', '2018-12-10', 'Y', '2018-12-14', 'comment'),
('INV01438', '9701100741082', '2018-12-12', 'Y', '2018-12-20', 'comment'),
('INV01439', '9611120247088', '2018-12-13', 'Y', '2018-12-18', 'comment'),
('INV0144', '9701100285087', '2014-06-06', 'Y', '2014-06-16', 'comment'),
('INV01440', '7808140304084', '2018-12-17', 'Y', '2018-12-23', 'comment'),
('INV01441', '7808220226082', '2018-12-17', 'Y', '2018-12-24', 'comment'),
('INV01442', '9503010970083', '2018-12-19', 'Y', '2018-12-19', 'comment'),
('INV01443', '8005030611082', '2018-12-19', 'Y', '2018-12-25', 'comment'),
('INV01444', '4508260675083', '2018-12-22', 'Y', '2018-12-27', 'comment'),
('INV01445', '5805130165085', '2018-12-23', 'Y', '2018-12-23', 'comment'),
('INV01446', '5512160318087', '2018-12-23', 'N', '0000-00-00', 'comment'),
('INV01447', '9003280235085', '2018-12-24', 'Y', '2018-12-29', 'comment'),
('INV01448', '290611026087', '2018-12-25', 'Y', '2019-01-01', 'comment'),
('INV01449', '4905210696087', '2018-12-25', 'Y', '2019-01-04', 'comment'),
('INV0145', '5907270761084', '2014-06-08', 'Y', '2014-06-15', 'comment'),
('INV01450', '1709240402082', '2018-12-26', 'Y', '2019-01-01', 'comment'),
('INV01451', '2906040747081', '2018-12-26', 'Y', '2019-01-01', 'comment'),
('INV01452', '7312050486084', '2018-12-27', 'Y', '2019-01-04', 'comment'),
('INV01453', '8906230122083', '2018-12-27', 'Y', '2019-01-01', 'comment'),
('INV01454', '5512160318087', '2018-12-28', 'Y', '2019-01-05', 'comment'),
('INV01455', '770124076088', '2019-01-02', 'Y', '2019-01-12', 'comment'),
('INV01456', '1005260157083', '2019-01-03', 'Y', '2019-01-07', 'comment'),
('INV01457', '6310200940086', '2019-01-03', 'Y', '2019-01-06', 'comment'),
('INV01458', '4901240565082', '2019-01-13', 'Y', '2019-01-21', 'comment'),
('INV01459', '5705080129087', '2019-01-17', 'Y', '2019-01-26', 'comment'),
('INV0146', '4911280960085', '2014-06-09', 'Y', '2014-06-10', 'comment'),
('INV01460', '1810160413088', '2019-01-18', 'Y', '2019-01-27', 'comment'),
('INV01461', '2804070757085', '2019-01-18', 'Y', '2019-01-18', 'comment'),
('INV01462', '8504060165087', '2019-01-23', 'Y', '2019-01-25', 'comment'),
('INV01463', '780622020088', '2019-01-26', 'Y', '2019-02-04', 'comment'),
('INV01464', '8407030360083', '2019-01-28', 'Y', '2019-01-30', 'comment'),
('INV01465', '8610120779086', '2019-02-03', 'Y', '2019-02-04', 'comment'),
('INV01466', '7312050486084', '2019-02-03', 'Y', '2019-02-12', 'comment'),
('INV01467', '510523033088', '2019-02-09', 'Y', '2019-02-17', 'comment'),
('INV01468', '4905210696087', '2019-02-12', 'Y', '2019-02-13', 'comment'),
('INV01469', '2909270467081', '2019-02-12', 'Y', '2019-02-19', 'comment'),
('INV0147', '1011160807087', '2014-06-11', 'Y', '2014-06-18', 'comment'),
('INV01470', '8209260885087', '2019-02-15', 'Y', '2019-02-24', 'comment'),
('INV01471', '6507070463082', '2019-02-16', 'Y', '2019-02-23', 'comment'),
('INV01472', '8610120779086', '2019-02-21', 'Y', '2019-03-01', 'comment'),
('INV01473', '8101060996085', '2019-02-21', 'Y', '2019-02-25', 'comment'),
('INV01474', '681014062082', '2019-02-23', 'Y', '2019-03-05', 'comment'),
('INV01475', '7306050161086', '2019-02-24', 'Y', '2019-03-05', 'comment'),
('INV01476', '4403190822084', '2019-03-01', 'Y', '2019-03-05', 'comment'),
('INV01477', '5209150693082', '2019-03-04', 'Y', '2019-03-06', 'comment'),
('INV01478', '7809130240082', '2019-03-06', 'Y', '2019-03-15', 'comment'),
('INV01479', '9210160769082', '2019-03-06', 'Y', '2019-03-14', 'comment'),
('INV0148', '7202270202087', '2014-06-13', 'Y', '2014-06-13', 'comment'),
('INV01480', '1704180177085', '2019-03-09', 'N', '0000-00-00', 'comment'),
('INV01481', '531127094084', '2019-03-14', 'Y', '2019-03-19', 'comment'),
('INV01482', '4403190822084', '2019-03-14', 'Y', '2019-03-24', 'comment'),
('INV01483', '5612220214081', '2019-03-28', 'Y', '2019-04-03', 'comment'),
('INV01484', '2511130529083', '2019-04-02', 'Y', '2019-04-12', 'comment'),
('INV01485', '8009100659085', '2019-04-11', 'Y', '2019-04-13', 'comment'),
('INV01486', '8309040682084', '2019-04-14', 'Y', '2019-04-16', 'comment'),
('INV01487', '8907090202087', '2019-04-16', 'Y', '2019-04-22', 'comment'),
('INV01488', '2009210740082', '2019-04-20', 'Y', '2019-04-20', 'comment'),
('INV01489', '1512140600088', '2019-04-22', 'Y', '2019-05-02', 'comment'),
('INV0149', '1504280313088', '2014-06-14', 'Y', '2014-06-20', 'comment'),
('INV01490', '5307060340088', '2019-04-23', 'Y', '2019-04-25', 'comment'),
('INV01491', '2905080185087', '2019-04-26', 'Y', '2019-05-05', 'comment'),
('INV01492', '1203280171086', '2019-05-02', 'Y', '2019-05-10', 'comment'),
('INV01493', '7412210788083', '2019-05-03', 'Y', '2019-05-08', 'comment'),
('INV01494', '3411260488085', '2019-05-04', 'Y', '2019-05-14', 'comment'),
('INV01495', '2109180750085', '2019-05-05', 'Y', '2019-05-11', 'comment'),
('INV01496', '5202230409086', '2019-05-05', 'Y', '2019-05-12', 'comment'),
('INV01497', '490705046088', '2019-05-09', 'Y', '2019-05-11', 'comment'),
('INV01498', '491010022086', '2019-05-10', 'Y', '2019-05-19', 'comment'),
('INV01499', '1011160807087', '2019-05-13', 'Y', '2019-05-17', 'comment'),
('INV0150', '7805110427084', '2014-06-16', 'Y', '2014-06-19', 'comment'),
('INV01500', '9901030534081', '2019-05-15', 'Y', '2019-05-20', 'comment'),
('INV01501', '4511070585086', '2019-05-16', 'Y', '2019-05-22', 'comment'),
('INV01502', '1307090536085', '2019-05-17', 'Y', '2019-05-27', 'comment'),
('INV01503', '4909110460081', '2019-05-23', 'Y', '2019-05-24', 'comment'),
('INV01504', '8103140774084', '2019-05-24', 'Y', '2019-05-30', 'comment'),
('INV01505', '771109035087', '2019-05-25', 'Y', '2019-06-03', 'comment'),
('INV01506', '6404230631085', '2019-05-26', 'Y', '2019-06-03', 'comment'),
('INV01507', '3004230801084', '2019-06-04', 'Y', '2019-06-11', 'comment'),
('INV01508', '2709110853083', '2019-06-12', 'Y', '2019-06-13', 'comment'),
('INV01509', '4211180586086', '2019-06-14', 'Y', '2019-06-15', 'comment'),
('INV0151', '5809250392081', '2014-06-17', 'Y', '2014-06-19', 'comment'),
('INV01510', '2005130271081', '2019-06-15', 'Y', '2019-06-15', 'comment'),
('INV01511', '5705080129087', '2019-06-19', 'Y', '2019-06-23', 'comment'),
('INV01512', '8005030611082', '2019-06-20', 'Y', '2019-06-24', 'comment'),
('INV01513', '2011240231088', '2019-06-24', 'Y', '2019-06-29', 'comment'),
('INV01514', '7804050808083', '2019-06-26', 'Y', '2019-07-05', 'comment'),
('INV01515', '6808120518082', '2019-06-26', 'Y', '2019-06-26', 'comment'),
('INV01516', '1804030915086', '2019-06-27', 'N', '0000-00-00', 'comment'),
('INV01517', '820305040087', '2019-07-03', 'Y', '2019-07-06', 'comment'),
('INV01518', '2111130577081', '2019-07-05', 'Y', '2019-07-09', 'comment'),
('INV01519', '9910060946082', '2019-07-05', 'Y', '2019-07-11', 'comment'),
('INV0152', '4708110702087', '2014-06-17', 'Y', '2014-06-27', 'comment'),
('INV01520', '5404130544086', '2019-07-06', 'Y', '2019-07-13', 'comment'),
('INV01521', '4508260675083', '2019-07-07', 'Y', '2019-07-13', 'comment'),
('INV01522', '780622020088', '2019-07-08', 'Y', '2019-07-17', 'comment'),
('INV01523', '5212190473083', '2019-07-09', 'Y', '2019-07-17', 'comment'),
('INV01524', '780622020088', '2019-07-11', 'Y', '2019-07-18', 'comment'),
('INV01525', '2804070757085', '2019-07-20', 'Y', '2019-07-24', 'comment'),
('INV01526', '6909200583086', '2019-07-21', 'Y', '2019-07-22', 'comment'),
('INV01527', '2707140905083', '2019-07-26', 'Y', '2019-07-31', 'comment'),
('INV01528', '9202010527088', '2019-07-28', 'Y', '2019-08-03', 'comment'),
('INV01529', '7205020213082', '2019-08-01', 'Y', '2019-08-08', 'comment'),
('INV0153', '7511030931085', '2014-06-22', 'Y', '2014-06-27', 'comment'),
('INV01530', '5910030388087', '2019-08-02', 'Y', '2019-08-03', 'comment'),
('INV01531', '5801140101084', '2019-08-03', 'Y', '2019-08-06', 'comment'),
('INV01532', '9710230788081', '2019-08-04', 'Y', '2019-08-04', 'comment');
INSERT INTO `tblinv_info` (`inv_num`, `client_ID`, `inv_date`, `inv_paid`, `inv_paid_date`, `comments`) VALUES
('INV01533', '6810160795088', '2019-08-05', 'Y', '2019-08-12', 'comment'),
('INV01534', '7107150227081', '2019-08-06', 'Y', '2019-08-12', 'comment'),
('INV01535', '5505120413085', '2019-08-08', 'Y', '2019-08-15', 'comment'),
('INV01536', '400422050085', '2019-08-14', 'Y', '2019-08-21', 'comment'),
('INV01537', '9012110306084', '2019-08-17', 'Y', '2019-08-19', 'comment'),
('INV01538', '5002180199088', '2019-08-20', 'Y', '2019-08-25', 'comment'),
('INV01539', '7610250179087', '2019-08-21', 'Y', '2019-08-25', 'comment'),
('INV0154', '4910190324088', '2014-06-23', 'Y', '2014-06-26', 'comment'),
('INV01540', '8906230122083', '2019-08-28', 'Y', '2019-08-28', 'comment'),
('INV01541', '7009130331088', '2019-09-03', 'Y', '2019-09-08', 'comment'),
('INV01542', '5308230754082', '2019-09-04', 'Y', '2019-09-14', 'comment'),
('INV01543', '4102140915085', '2019-09-07', 'Y', '2019-09-07', 'comment'),
('INV01544', '8703170594084', '2019-09-09', 'Y', '2019-09-11', 'comment'),
('INV01545', '8209140103086', '2019-09-12', 'Y', '2019-09-15', 'comment'),
('INV01546', '510523033088', '2019-09-12', 'Y', '2019-09-21', 'comment'),
('INV01547', '1012070281082', '2019-09-12', 'Y', '2019-09-14', 'comment'),
('INV01548', '9611120247088', '2019-09-13', 'N', '0000-00-00', 'comment'),
('INV01549', '7003050348086', '2019-09-13', 'Y', '2019-09-13', 'comment'),
('INV0155', '5612220214081', '2014-06-25', 'Y', '2014-06-29', 'comment'),
('INV01550', '9910060946082', '2019-09-21', 'Y', '2019-09-30', 'comment'),
('INV01551', '650402056081', '2019-09-24', 'Y', '2019-10-03', 'comment'),
('INV01552', '7205120917082', '2019-09-27', 'Y', '2019-10-06', 'comment'),
('INV01553', '9810260112082', '2019-10-03', 'Y', '2019-10-06', 'comment'),
('INV01554', '9710230788081', '2019-10-10', 'Y', '2019-10-20', 'comment'),
('INV01555', '4708110702087', '2019-10-15', 'Y', '2019-10-17', 'comment'),
('INV01556', '3406260688085', '2019-10-16', 'Y', '2019-10-18', 'comment'),
('INV01557', '4211180586086', '2019-10-22', 'Y', '2019-10-30', 'comment'),
('INV01558', '8105100593086', '2019-10-24', 'Y', '2019-10-28', 'comment'),
('INV01559', '9204240981082', '2019-10-26', 'Y', '2019-10-29', 'comment'),
('INV0156', '3502010805081', '2014-07-01', 'Y', '2014-07-06', 'comment'),
('INV01560', '2605150205088', '2019-10-28', 'Y', '2019-11-01', 'comment'),
('INV01561', '7202270202087', '2019-11-01', 'Y', '2019-11-04', 'comment'),
('INV01562', '8101060996085', '2019-11-06', 'Y', '2019-11-13', 'comment'),
('INV01563', '3205070928081', '2019-11-07', 'Y', '2019-11-07', 'comment'),
('INV01564', '2805070756085', '2019-11-18', 'Y', '2019-11-22', 'comment'),
('INV01565', '6412170702085', '2019-11-21', 'Y', '2019-11-23', 'comment'),
('INV01566', '630710012087', '2019-11-22', 'Y', '2019-11-23', 'comment'),
('INV01567', '8612040918085', '2019-11-23', 'Y', '2019-12-01', 'comment'),
('INV01568', '1003250239088', '2019-11-24', 'Y', '2019-12-03', 'comment'),
('INV01569', '5901150381088', '2019-11-25', 'Y', '2019-11-29', 'comment'),
('INV0157', '1805020907085', '2014-07-04', 'Y', '2014-07-14', 'comment'),
('INV01570', '9910060946082', '2019-11-25', 'Y', '2019-12-03', 'comment'),
('INV01571', '6706090775083', '2019-11-26', 'Y', '2019-12-03', 'comment'),
('INV01572', '6705050635085', '2019-12-03', 'Y', '2019-12-06', 'comment'),
('INV01573', '2811240555087', '2019-12-05', '', '0000-00-00', 'comment'),
('INV01574', '3610150249083', '2019-12-06', 'Y', '2019-12-06', 'comment'),
('INV01575', '151021036088', '2019-12-15', '', '0000-00-00', 'comment'),
('INV01576', '7805110427084', '2019-12-15', '', '0000-00-00', 'comment'),
('INV01577', '1704180177085', '2020-01-08', '', '0000-00-00', 'comment'),
('INV01578', '2802230303081', '2020-01-12', '', '0000-00-00', 'comment'),
('INV01579', '9503010970083', '2020-01-18', 'Y', '2020-01-27', 'comment'),
('INV0158', '4211180586086', '2014-07-05', 'Y', '2014-07-12', 'comment'),
('INV01580', '1810160413088', '2020-01-20', '', '0000-00-00', 'comment'),
('INV01581', '7205020213082', '2020-01-20', '', '0000-00-00', 'comment'),
('INV01582', '5608010370088', '2020-01-26', '', '0000-00-00', 'comment'),
('INV01583', '3205070928081', '2020-02-04', 'Y', '2020-02-06', 'comment'),
('INV01584', '9509040129082', '2020-02-07', '', '0000-00-00', 'comment'),
('INV01585', '9912120740831', '2020-02-09', '', '0000-00-00', 'comment'),
('INV01586', '3906250668088', '2020-02-01', '', '0000-00-00', 'comment'),
('INV01587', '7906010195081', '2020-02-03', 'Y', '2020-02-10', 'comment'),
('INV01588', '6803160923084', '2020-02-05', '', '0000-00-00', 'comment'),
('INV01589', '7808140304084', '2020-02-05', 'Y', '2020-02-07', 'comment'),
('INV0159', '7705180627087', '2014-07-10', 'Y', '2014-07-12', 'comment'),
('INV0160', '400422050085', '2014-07-10', 'Y', '2014-07-16', 'comment'),
('INV0161', '7303120569085', '2014-07-11', 'Y', '2014-07-16', 'comment'),
('INV0162', '6810160795088', '2014-07-11', 'Y', '2014-07-13', 'comment'),
('INV0163', '47120603088', '2014-07-14', 'Y', '2014-07-18', 'comment'),
('INV0164', '8309040682084', '2014-07-15', 'Y', '2014-07-17', 'comment'),
('INV0165', '7610250179087', '2014-07-16', 'Y', '2014-07-18', 'comment'),
('INV0166', '4110240825083', '2014-07-16', 'Y', '2014-07-21', 'comment'),
('INV0167', '2706070629087', '2014-07-17', 'Y', '2014-07-18', 'comment'),
('INV0168', '7303120569085', '2014-08-01', 'Y', '2014-08-04', 'comment'),
('INV0169', '2207010632083', '2014-08-11', 'Y', '2014-08-12', 'comment'),
('INV0170', '8209140103086', '2014-08-15', 'Y', '2014-08-15', 'comment'),
('INV0171', '5008230824086', '2014-08-15', 'Y', '2014-08-18', 'comment'),
('INV0172', '7704070438085', '2014-08-17', 'Y', '2014-08-25', 'comment'),
('INV0173', '5009140926088', '2014-08-19', 'Y', '2014-08-24', 'comment'),
('INV0174', '7203030169082', '2014-08-20', 'Y', '2014-08-22', 'comment'),
('INV0175', '8908220122088', '2014-08-25', 'Y', '2014-08-31', 'comment'),
('INV0176', '7610250179087', '2014-08-25', 'Y', '2014-08-27', 'comment'),
('INV0177', '5404130544086', '2014-09-05', 'Y', '2014-09-11', 'comment'),
('INV0178', '2009210740082', '2014-09-06', 'Y', '2014-09-13', 'comment'),
('INV0179', '3909170450081', '2014-09-07', 'Y', '2014-09-09', 'comment'),
('INV0180', '7203030169082', '2014-09-15', 'Y', '2014-09-17', 'comment'),
('INV0181', '650402056081', '2014-09-23', 'Y', '2014-09-28', 'comment'),
('INV0182', '9503010970083', '2014-09-25', 'Y', '2014-09-25', 'comment'),
('INV0183', '681014062082', '2014-09-26', 'Y', '2014-09-30', 'comment'),
('INV0184', '7412210788083', '2014-10-01', 'Y', '2014-10-04', 'comment'),
('INV0185', '1010190221088', '2014-10-05', 'Y', '2014-10-15', 'comment'),
('INV0186', '9110230494081', '2014-10-08', 'Y', '2014-10-17', 'comment'),
('INV0187', '6507120107086', '2014-10-14', 'Y', '2014-10-24', 'comment'),
('INV0188', '3406260688085', '2014-10-16', 'Y', '2014-10-25', 'comment'),
('INV0189', '8703170594084', '2014-10-24', 'Y', '2014-10-26', 'comment'),
('INV0190', '4211180586086', '2014-10-25', 'Y', '2014-10-27', 'comment'),
('INV0191', '6602070398082', '2014-11-04', 'Y', '2014-11-11', 'comment'),
('INV0192', '2111130577081', '2014-11-05', 'Y', '2014-11-13', 'comment'),
('INV0193', '7107150227081', '2014-11-08', 'Y', '2014-11-10', 'comment'),
('INV0194', '8502060290083', '2014-11-10', 'Y', '2014-11-19', 'comment'),
('INV0195', '4510260369082', '2014-11-10', 'Y', '2014-11-20', 'comment'),
('INV0196', '5907270761084', '2014-11-19', 'Y', '2014-11-27', 'comment'),
('INV0197', '4906270884086', '2014-11-22', 'Y', '2014-11-27', 'comment'),
('INV0198', '9405050739085', '2014-11-24', 'Y', '2014-12-02', 'comment'),
('INV0199', '1012070281082', '2014-11-24', 'Y', '2014-11-27', 'comment'),
('INV0200', '8012160653084', '2014-11-26', 'Y', '2014-12-03', 'comment'),
('INV0201', '9403280679088', '2014-11-26', 'Y', '2014-12-04', 'comment'),
('INV0202', '7412210788083', '2014-12-01', 'Y', '2014-12-06', 'comment'),
('INV0203', '8810240788083', '2014-12-01', 'Y', '2014-12-01', 'comment'),
('INV0204', '5507140417085', '2014-12-06', 'Y', '2014-12-09', 'comment'),
('INV0205', '4110240825083', '2014-12-06', 'Y', '2014-12-08', 'comment'),
('INV0206', '5007040974083', '2014-12-07', 'Y', '2014-12-10', 'comment'),
('INV0207', '4403240664081', '2014-12-11', 'Y', '2014-12-11', 'comment'),
('INV0208', '8008280468086', '2014-12-15', 'Y', '2014-12-21', 'comment'),
('INV0209', '8610120779086', '2014-12-19', 'Y', '2014-12-23', 'comment'),
('INV0210', '7309060944088', '2014-12-20', 'Y', '2014-12-24', 'comment'),
('INV0211', '5002080660085', '2014-12-28', 'Y', '2014-12-31', 'comment'),
('INV0212', '7101110702082', '2014-12-28', 'Y', '2015-01-02', 'comment'),
('INV0213', '5507130805081', '2015-01-01', 'Y', '2015-01-08', 'comment'),
('INV0214', '770124076088', '2015-01-01', 'Y', '2015-01-04', 'comment'),
('INV0215', '3406130687081', '2015-01-01', 'Y', '2015-01-11', 'comment'),
('INV0216', '8504060165087', '2015-01-03', 'Y', '2015-01-12', 'comment'),
('INV0217', '4401230403085', '2015-01-04', 'Y', '2015-01-09', 'comment'),
('INV0218', '9503010970083', '2015-01-04', 'Y', '2015-01-05', 'comment'),
('INV0219', '9706130545082', '2015-01-05', 'Y', '2015-01-13', 'comment'),
('INV0220', '5209150693082', '2015-01-05', 'Y', '2015-01-08', 'comment'),
('INV0221', '1709240402082', '2015-01-06', 'Y', '2015-01-06', 'comment'),
('INV0222', '2007100717086', '2015-01-09', 'Y', '2015-01-16', 'comment'),
('INV0223', '7902150410084', '2015-01-09', 'Y', '2015-01-17', 'comment'),
('INV0224', '8703280117084', '2015-01-10', 'Y', '2015-01-16', 'comment'),
('INV0225', '4111180106083', '2015-01-11', 'Y', '2015-01-11', 'comment'),
('INV0226', '2007100717086', '2015-01-11', 'Y', '2015-01-19', 'comment'),
('INV0227', '3001280724084', '2015-01-13', 'Y', '2015-01-20', 'comment'),
('INV0228', '6201140807084', '2015-01-14', 'Y', '2015-01-14', 'comment'),
('INV0229', '6107030710088', '2015-01-14', 'Y', '2015-01-20', 'comment'),
('INV0230', '5212190473083', '2015-01-16', 'Y', '2015-01-24', 'comment'),
('INV0231', '3809260231088', '2015-01-20', 'Y', '2015-01-23', 'comment'),
('INV0232', '9109140754088', '2015-01-21', 'Y', '2015-01-22', 'comment'),
('INV0233', '2906040747081', '2015-01-22', 'Y', '2015-01-27', 'comment'),
('INV0234', '2210130900088', '2015-01-23', 'Y', '2015-02-01', 'comment'),
('INV0235', '2612230397082', '2015-01-23', 'Y', '2015-02-02', 'comment'),
('INV0236', '82032206087', '2015-01-24', 'Y', '2015-01-24', 'comment'),
('INV0237', '5304280232082', '2015-01-26', 'Y', '2015-02-02', 'comment'),
('INV0238', '2909270467081', '2015-01-26', 'Y', '2015-02-02', 'comment'),
('INV0239', '630710012087', '2015-01-26', 'Y', '2015-01-28', 'comment'),
('INV0240', '1906040694086', '2015-01-27', 'Y', '2015-02-03', 'comment'),
('INV0241', '6204260308088', '2015-02-01', 'Y', '2015-02-08', 'comment'),
('INV0242', '6507120107086', '2015-02-02', 'Y', '2015-02-12', 'comment'),
('INV0243', '2202040449087', '2015-02-02', 'Y', '2015-02-04', 'comment'),
('INV0244', '5706200140082', '2015-02-03', 'Y', '2015-02-07', 'comment'),
('INV0245', '4702060556086', '2015-02-03', 'Y', '2015-02-04', 'comment'),
('INV0246', '9210110388086', '2015-02-04', 'Y', '2015-02-07', 'comment'),
('INV0247', '5706150123087', '2015-02-05', 'Y', '2015-02-05', 'comment'),
('INV0248', '530628013085', '2015-02-05', 'Y', '2015-02-11', 'comment'),
('INV0249', '2303030988083', '2015-02-06', 'Y', '2015-02-10', 'comment'),
('INV0250', '5706150123087', '2015-02-06', 'Y', '2015-02-08', 'comment'),
('INV0251', '2909270467081', '2015-02-07', 'Y', '2015-02-10', 'comment'),
('INV0252', '4004220578084', '2015-02-07', 'Y', '2015-02-14', 'comment'),
('INV0253', '7001190645085', '2015-02-08', 'Y', '2015-02-18', 'comment'),
('INV0254', '2303030988083', '2015-02-08', 'Y', '2015-02-09', 'comment'),
('INV0255', '4110240825083', '2015-02-09', 'Y', '2015-02-12', 'comment'),
('INV0256', '5009140926088', '2015-02-09', 'Y', '2015-02-14', 'comment'),
('INV0257', '820305040087', '2015-02-09', 'Y', '2015-02-14', 'comment'),
('INV0258', '6711170133088', '2015-02-11', 'Y', '2015-02-13', 'comment'),
('INV0259', '7705180627087', '2015-02-11', 'Y', '2015-02-17', 'comment'),
('INV0260', '2905080185087', '2015-02-12', 'Y', '2015-02-18', 'comment'),
('INV0261', '4509220879086', '2015-02-13', 'Y', '2015-02-14', 'comment'),
('INV0262', '491010022086', '2015-02-17', 'Y', '2015-02-26', 'comment'),
('INV0263', '7203030169082', '2015-02-18', 'Y', '2015-02-19', 'comment'),
('INV0264', '2809270394087', '2015-02-19', 'Y', '2015-02-22', 'comment'),
('INV0265', '4308010928085', '2015-02-19', 'Y', '2015-02-21', 'comment'),
('INV0266', '7212170290085', '2015-02-20', 'Y', '2015-02-26', 'comment'),
('INV0267', '3809260231088', '2015-02-20', 'Y', '2015-02-24', 'comment'),
('INV0268', '2012190284086', '2015-02-21', 'Y', '2015-02-21', 'comment'),
('INV0269', '1906040694086', '2015-02-22', 'Y', '2015-02-25', 'comment'),
('INV0270', '9210110388086', '2015-02-23', 'Y', '2015-02-26', 'comment'),
('INV0271', '2005130271081', '2015-02-25', 'Y', '2015-03-05', 'comment'),
('INV0272', '1704180177085', '2015-02-26', 'Y', '2015-03-07', 'comment'),
('INV0273', '1204030632082', '2015-02-28', 'Y', '2015-03-04', 'comment'),
('INV0274', '6404210377085', '2015-03-01', 'Y', '2015-03-10', 'comment'),
('INV0275', '4003100886084', '2015-03-01', 'Y', '2015-03-10', 'comment'),
('INV0276', '9811220178083', '2015-03-02', 'Y', '2015-03-03', 'comment'),
('INV0277', '2804220399085', '2015-03-02', 'Y', '2015-03-10', 'comment'),
('INV0278', '4710160845084', '2015-03-02', 'Y', '2015-03-08', 'comment'),
('INV0279', '4102140915085', '2015-03-05', 'Y', '2015-03-07', 'comment'),
('INV0280', '2804070757085', '2015-03-06', 'Y', '2015-03-13', 'comment'),
('INV0281', '7907160124082', '2015-03-06', 'Y', '2015-03-14', 'comment'),
('INV0282', '1311040718081', '2015-03-06', 'Y', '2015-03-06', 'comment'),
('INV0283', '3411260488085', '2015-03-06', 'Y', '2015-03-15', 'comment'),
('INV0284', '6408200513081', '2015-03-11', 'Y', '2015-03-13', 'comment'),
('INV0285', '2007100717086', '2015-03-12', 'Y', '2015-03-19', 'comment'),
('INV0286', '5209150693082', '2015-03-12', 'Y', '2015-03-17', 'comment'),
('INV0287', '5001110128088', '2015-03-12', 'Y', '2015-03-16', 'comment'),
('INV0288', '3708100193088', '2015-03-12', 'Y', '2015-03-14', 'comment'),
('INV0289', '9003280235085', '2015-03-14', 'Y', '2015-03-17', 'comment'),
('INV0290', '511127046082', '2015-03-16', 'Y', '2015-03-26', 'comment'),
('INV0291', '7707250934088', '2015-03-16', 'Y', '2015-03-16', 'comment'),
('INV0292', '2210130900088', '2015-03-17', 'Y', '2015-03-24', 'comment'),
('INV0293', '2802230303081', '2015-03-17', 'Y', '2015-03-17', 'comment'),
('INV0294', '7801120638083', '2015-03-19', 'Y', '2015-03-29', 'comment'),
('INV0295', '2805070756085', '2015-03-22', 'Y', '2015-03-24', 'comment'),
('INV0296', '6111260929085', '2015-03-22', 'Y', '2015-03-29', 'comment'),
('INV0297', '9405050739085', '2015-03-24', 'Y', '2015-04-03', 'comment'),
('INV0298', '1804030915086', '2015-03-24', 'Y', '2015-04-02', 'comment'),
('INV0299', '3911070339085', '2015-03-24', 'Y', '2015-03-26', 'comment'),
('INV0300', '2905080185087', '2015-04-02', 'Y', '2015-04-08', 'comment'),
('INV0301', '4509220879086', '2015-04-02', 'Y', '2015-04-08', 'comment'),
('INV0302', '3410210326084', '2015-04-03', 'Y', '2015-04-03', 'comment'),
('INV0303', '6509050392085', '2015-04-04', 'Y', '2015-04-09', 'comment'),
('INV0304', '7009130331088', '2015-04-04', 'Y', '2015-04-05', 'comment'),
('INV0305', '3509040348083', '2015-04-04', 'Y', '2015-04-12', 'comment'),
('INV0306', '6310200940086', '2015-04-04', 'Y', '2015-04-11', 'comment'),
('INV0307', '4302130387083', '2015-04-05', 'Y', '2015-04-13', 'comment'),
('INV0308', '3909170450081', '2015-04-05', 'Y', '2015-04-13', 'comment'),
('INV0309', '2907080814082', '2015-04-05', 'Y', '2015-04-06', 'comment'),
('INV0310', '1908150375082', '2015-04-06', 'Y', '2015-04-14', 'comment'),
('INV0311', '4204250189082', '2015-04-06', 'Y', '2015-04-14', 'comment'),
('INV0312', '2802270531083', '2015-04-06', 'Y', '2015-04-15', 'comment'),
('INV0313', '8209140103086', '2015-04-07', 'Y', '2015-04-07', 'comment'),
('INV0314', '851123068082', '2015-04-07', 'Y', '2015-04-08', 'comment'),
('INV0315', '9204240981082', '2015-04-07', 'Y', '2015-04-16', 'comment'),
('INV0316', '7808220226082', '2015-04-07', 'Y', '2015-04-12', 'comment'),
('INV0317', '8511250864088', '2015-04-08', 'Y', '2015-04-09', 'comment'),
('INV0318', '3605090332085', '2015-04-09', 'Y', '2015-04-10', 'comment'),
('INV0319', '2704170868088', '2015-04-09', 'Y', '2015-04-10', 'comment'),
('INV0320', '4911280960085', '2015-04-10', 'Y', '2015-04-12', 'comment'),
('INV0321', '3205230915086', '2015-04-10', 'Y', '2015-04-14', 'comment'),
('INV0322', '6810160795088', '2015-04-10', 'Y', '2015-04-20', 'comment'),
('INV0323', '5308230754082', '2015-04-11', 'Y', '2015-04-19', 'comment'),
('INV0324', '1503200793088', '2015-04-11', 'Y', '2015-04-11', 'comment'),
('INV0325', '9706130545082', '2015-04-13', 'Y', '2015-04-13', 'comment'),
('INV0326', '8907280730087', '2015-04-14', 'Y', '2015-04-22', 'comment'),
('INV0327', '7412210788083', '2015-04-15', 'Y', '2015-04-23', 'comment'),
('INV0328', '8008280468086', '2015-04-15', 'Y', '2015-04-21', 'comment'),
('INV0329', '6204260308088', '2015-04-16', 'Y', '2015-04-25', 'comment'),
('INV0330', '9902110250084', '2015-04-17', 'Y', '2015-04-17', 'comment'),
('INV0331', '4905080506087', '2015-04-17', 'Y', '2015-04-17', 'comment'),
('INV0332', '1107230618084', '2015-04-17', 'Y', '2015-04-27', 'comment'),
('INV0333', '3205230915086', '2015-04-19', 'Y', '2015-04-19', 'comment'),
('INV0334', '7512130745085', '2015-04-21', 'Y', '2015-04-29', 'comment'),
('INV0335', '47120603088', '2015-04-22', 'Y', '2015-04-27', 'comment'),
('INV0336', '5710230923081', '2015-04-22', 'Y', '2015-04-24', 'comment'),
('INV0337', '4401230403085', '2015-04-25', 'Y', '2015-05-02', 'comment'),
('INV0338', '5505090581082', '2015-04-28', 'Y', '2015-05-03', 'comment'),
('INV0339', '1709280678088', '2015-04-28', 'Y', '2015-05-03', 'comment'),
('INV0340', '6209040562083', '2015-04-28', 'Y', '2015-05-08', 'comment'),
('INV0341', '491010022086', '2015-05-04', 'Y', '2015-05-11', 'comment'),
('INV0342', '7705180627087', '2015-05-06', 'Y', '2015-05-11', 'comment'),
('INV0343', '3708100193088', '2015-05-06', 'Y', '2015-05-07', 'comment'),
('INV0344', '2704170868088', '2015-05-07', 'Y', '2015-05-12', 'comment'),
('INV0345', 'Client_id', '2015-05-07', 'Y', '2015-05-07', 'comment'),
('INV0346', '2202040449087', '2015-05-07', 'Y', '2015-05-17', 'comment'),
('INV0347', '7312170466084', '2015-05-08', 'Y', '2015-05-17', 'comment'),
('INV0348', '8301170304085', '2015-05-08', 'Y', '2015-05-17', 'comment'),
('INV0349', '8612040918085', '2015-05-08', 'Y', '2015-05-11', 'comment'),
('INV0350', '670305077081', '2015-05-11', 'Y', '2015-05-15', 'comment'),
('INV0351', '5505090581082', '2015-05-11', 'Y', '2015-05-13', 'comment'),
('INV0352', '5109040274081', '2015-05-11', 'Y', '2015-05-14', 'comment'),
('INV0353', '6111040850088', '2015-05-13', 'Y', '2015-05-13', 'comment'),
('INV0354', '8006220732085', '2015-05-13', 'Y', '2015-05-14', 'comment'),
('INV0355', '8407030360083', '2015-05-17', 'Y', '2015-05-23', 'comment'),
('INV0356', '9901030534081', '2015-05-17', 'Y', '2015-05-19', 'comment'),
('INV0357', '681014062082', '2015-05-17', 'Y', '2015-05-21', 'comment'),
('INV0358', '3203230938086', '2015-05-17', 'Y', '2015-05-22', 'comment'),
('INV0359', '4410200801082', '2015-05-18', 'Y', '2015-05-19', 'comment'),
('INV0360', '5901150381088', '2015-05-20', 'Y', '2015-05-24', 'comment'),
('INV0361', '8511250864088', '2015-05-20', 'Y', '2015-05-27', 'comment'),
('INV0362', '851123068082', '2015-05-21', 'Y', '2015-05-24', 'comment'),
('INV0363', '5307060340088', '2015-05-22', 'Y', '2015-05-31', 'comment'),
('INV0364', '7205020213082', '2015-05-23', 'Y', '2015-05-29', 'comment'),
('INV0365', '8906120948084', '2015-05-23', 'Y', '2015-05-28', 'comment'),
('INV0366', '4510260369082', '2015-05-24', 'Y', '2015-06-01', 'comment'),
('INV0367', '5102060208085', '2015-05-24', 'Y', '2015-06-01', 'comment'),
('INV0368', '7701260528087', '2015-05-24', 'Y', '2015-05-27', 'comment'),
('INV0369', '1004050642083', '2015-05-25', 'Y', '2015-05-31', 'comment'),
('INV0370', '2009210740082', '2015-05-27', 'Y', '2015-05-27', 'comment'),
('INV0371', '8209260885087', '2015-05-28', 'Y', '2015-06-06', 'comment'),
('INV0372', '7505030416082', '2015-05-28', 'Y', '2015-06-06', 'comment'),
('INV0373', '6412170702085', '2015-06-01', 'Y', '2015-06-08', 'comment'),
('INV0374', '8006220732085', '2015-06-01', 'Y', '2015-06-03', 'comment'),
('INV0375', '1011060902084', '2015-06-02', 'Y', '2015-06-09', 'comment'),
('INV0376', '2909270467081', '2015-06-04', 'Y', '2015-06-12', 'comment'),
('INV0377', '1011060902084', '2015-06-04', 'Y', '2015-06-14', 'comment'),
('INV0378', '9412180136082', '2015-06-05', 'Y', '2015-06-10', 'comment'),
('INV0379', '2007100717086', '2015-06-06', 'Y', '2015-06-16', 'comment'),
('INV0380', '2709110853083', '2015-06-06', 'Y', '2015-06-14', 'comment'),
('INV0381', '2707140905083', '2015-06-09', 'Y', '2015-06-19', 'comment'),
('INV0382', '9908260536088', '2015-06-10', 'Y', '2015-06-18', 'comment'),
('INV0383', '7503060788083', '2015-06-11', 'Y', '2015-06-12', 'comment'),
('INV0384', '9706130545082', '2015-06-11', 'Y', '2015-06-17', 'comment'),
('INV0385', '7205120917082', '2015-06-11', 'Y', '2015-06-17', 'comment'),
('INV0386', '3211200919082', '2015-06-12', 'Y', '2015-06-21', 'comment'),
('INV0387', '2802270531083', '2015-06-12', 'Y', '2015-06-12', 'comment'),
('INV0388', '6511130973087', '2015-06-13', 'Y', '2015-06-18', 'comment'),
('INV0389', '630710012087', '2015-06-13', 'Y', '2015-06-19', 'comment'),
('INV0390', '3306170196085', '2015-06-18', 'Y', '2015-06-19', 'comment'),
('INV0391', '5109040274081', '2015-06-19', 'Y', '2015-06-22', 'comment'),
('INV0392', 'Client_id', '2015-06-19', 'Y', '2015-06-24', 'comment'),
('INV0393', '5002080660085', '2015-06-20', 'Y', '2015-06-22', 'comment'),
('INV0394', '2712250489081', '2015-06-20', 'Y', '2015-06-20', 'comment'),
('INV0395', '7609110201086', '2015-06-20', 'Y', '2015-06-29', 'comment'),
('INV0396', '5308230754082', '2015-06-21', 'Y', '2015-06-25', 'comment'),
('INV0397', '2611180135088', '2015-06-23', 'Y', '2015-06-29', 'comment'),
('INV0398', '1709280678088', '2015-06-23', 'Y', '2015-06-29', 'comment'),
('INV0399', '6401240516085', '2015-06-23', 'Y', '2015-06-28', 'comment'),
('INV0400', '7101110702082', '2015-06-26', 'Y', '2015-07-06', 'comment'),
('INV0401', '2011240231088', '2015-06-26', 'Y', '2015-07-04', 'comment'),
('INV0402', '6907130694085', '2015-06-27', 'Y', '2015-07-07', 'comment'),
('INV0403', '7801120638083', '2015-06-27', 'Y', '2015-07-03', 'comment'),
('INV0404', '6107030710088', '2015-07-01', 'Y', '2015-07-10', 'comment'),
('INV0405', '3906160799085', '2015-07-02', 'Y', '2015-07-09', 'comment'),
('INV0406', '9509040129082', '2015-07-02', 'Y', '2015-07-11', 'comment'),
('INV0407', '2303030988083', '2015-07-02', 'Y', '2015-07-12', 'comment'),
('INV0408', '2712250489081', '2015-07-03', 'Y', '2015-07-11', 'comment'),
('INV0409', '4512220543086', '2015-07-04', 'Y', '2015-07-05', 'comment'),
('INV0410', '1011060902084', '2015-07-04', 'Y', '2015-07-12', 'comment'),
('INV0411', '3306170196085', '2015-07-06', 'Y', '2015-07-11', 'comment'),
('INV0412', '1603220911086', '2015-07-07', 'Y', '2015-07-17', 'comment'),
('INV0413', '8009100659085', '2015-07-09', 'Y', '2015-07-09', 'comment'),
('INV0414', '4812160561083', '2015-07-09', 'Y', '2015-07-13', 'comment'),
('INV0415', '8409280542088', '2015-07-09', 'Y', '2015-07-16', 'comment'),
('INV0416', '9403280679088', '2015-07-09', 'Y', '2015-07-15', 'comment'),
('INV0417', '2104030218083', '2015-07-10', 'Y', '2015-07-17', 'comment'),
('INV0418', '3306170196085', '2015-07-11', 'Y', '2015-07-13', 'comment'),
('INV0419', '4804180882084', '2015-07-11', 'Y', '2015-07-13', 'comment'),
('INV0420', '6910130773087', '2015-07-12', 'Y', '2015-07-15', 'comment'),
('INV0421', '3602250350086', '2015-07-12', 'Y', '2015-07-18', 'comment'),
('INV0422', '5505230875081', '2015-07-14', 'Y', '2015-07-17', 'comment'),
('INV0423', '1804030915086', '2015-07-14', 'Y', '2015-07-19', 'comment'),
('INV0424', '4005040289082', '2015-07-16', 'Y', '2015-07-21', 'comment'),
('INV0425', '9110230494081', '2015-07-16', 'Y', '2015-07-23', 'comment'),
('INV0426', '7701260528087', '2015-07-17', 'Y', '2015-07-19', 'comment'),
('INV0427', '5510220761085', '2015-07-17', 'Y', '2015-07-19', 'comment'),
('INV0428', '5505230875081', '2015-07-18', 'Y', '2015-07-28', 'comment'),
('INV0429', '2809270394087', '2015-07-18', 'Y', '2015-07-25', 'comment'),
('INV0430', '5212190473083', '2015-07-18', 'Y', '2015-07-24', 'comment'),
('INV0431', '7907160124082', '2015-07-20', 'Y', '2015-07-26', 'comment'),
('INV0432', '1902060828085', '2015-07-20', 'Y', '2015-07-21', 'comment'),
('INV0433', '1709240402082', '2015-07-20', 'Y', '2015-07-22', 'comment'),
('INV0434', '8101060996085', '2015-07-20', 'Y', '2015-07-26', 'comment'),
('INV0435', '8902010959088', '2015-07-21', 'Y', '2015-07-25', 'comment'),
('INV0436', '5907270761084', '2015-07-21', 'Y', '2015-07-26', 'comment'),
('INV0437', '4401230403085', '2015-07-21', 'Y', '2015-07-23', 'comment'),
('INV0438', '7108280360087', '2015-07-22', 'Y', '2015-07-24', 'comment'),
('INV0439', '7101110702082', '2015-07-22', 'Y', '2015-07-27', 'comment'),
('INV0440', '8301170304085', '2015-07-23', 'Y', '2015-07-25', 'comment'),
('INV0441', '2907080814082', '2015-07-24', 'Y', '2015-07-27', 'comment'),
('INV0442', '6311250169086', '2015-07-26', 'Y', '2015-08-03', 'comment'),
('INV0443', '4509140295084', '2015-07-26', 'Y', '2015-07-29', 'comment'),
('INV0444', '1709280678088', '2015-07-27', 'Y', '2015-08-02', 'comment'),
('INV0445', '9204240981082', '2015-08-05', 'Y', '2015-08-13', 'comment'),
('INV0446', '3906160799085', '2015-08-05', 'Y', '2015-08-10', 'comment'),
('INV0447', '2811170937087', '2015-08-05', 'Y', '2015-08-13', 'comment'),
('INV0448', '1010190221088', '2015-08-06', 'Y', '2015-08-12', 'comment'),
('INV0449', '9109270875081', '2015-08-08', 'Y', '2015-08-10', 'comment'),
('INV0450', '3001280724084', '2015-08-08', 'Y', '2015-08-13', 'comment'),
('INV0451', '8807180866088', '2015-08-10', 'Y', '2015-08-18', 'comment'),
('INV0452', '1608130591087', '2015-08-11', 'Y', '2015-08-17', 'comment'),
('INV0453', '7106160389084', '2015-08-12', 'Y', '2015-08-14', 'comment'),
('INV0454', '6507120107086', '2015-08-12', 'Y', '2015-08-19', 'comment'),
('INV0455', '4812160561083', '2015-08-13', 'Y', '2015-08-13', 'comment'),
('INV0456', '3708100193088', '2015-08-13', 'Y', '2015-08-23', 'comment'),
('INV0457', '1709280678088', '2015-08-15', 'Y', '2015-08-21', 'comment'),
('INV0458', '5612220214081', '2015-08-15', 'Y', '2015-08-23', 'comment'),
('INV0459', '4812160561083', '2015-08-17', 'Y', '2015-08-18', 'comment'),
('INV0460', '5710230923081', '2015-08-18', 'Y', '2015-08-21', 'comment'),
('INV0461', '6706090775083', '2015-08-18', 'Y', '2015-08-22', 'comment'),
('INV0462', '4804180882084', '2015-08-19', 'Y', '2015-08-27', 'comment'),
('INV0463', '3306170196085', '2015-08-20', 'Y', '2015-08-27', 'comment'),
('INV0464', '3602250350086', '2015-08-21', 'Y', '2015-08-21', 'comment'),
('INV0465', '2703080994088', '2015-08-21', 'Y', '2015-08-25', 'comment'),
('INV0466', '6605260331087', '2015-08-22', 'Y', '2015-09-01', 'comment'),
('INV0467', '3508130716085', '2015-08-25', 'Y', '2015-09-04', 'comment'),
('INV0468', '2707140905083', '2015-08-26', 'Y', '2015-08-30', 'comment'),
('INV0469', '6803160923084', '2015-08-27', 'Y', '2015-08-29', 'comment'),
('INV0470', '7808140304084', '2015-08-28', 'Y', '2015-09-02', 'comment'),
('INV0471', '6102220345081', '2015-09-01', 'Y', '2015-09-04', 'comment'),
('INV0472', '5001070584088', '2015-09-01', 'Y', '2015-09-11', 'comment'),
('INV0473', '6112060275088', '2015-09-02', 'Y', '2015-09-10', 'comment'),
('INV0474', '5002080660085', '2015-09-02', 'Y', '2015-09-05', 'comment'),
('INV0475', '1906040694086', '2015-09-03', 'Y', '2015-09-13', 'comment'),
('INV0476', '960124047081', '2015-09-03', 'Y', '2015-09-11', 'comment'),
('INV0477', '1010190221088', '2015-09-03', 'Y', '2015-09-09', 'comment'),
('INV0478', '8006220732085', '2015-09-03', 'Y', '2015-09-05', 'comment'),
('INV0479', '3906250668088', '2015-09-04', 'Y', '2015-09-07', 'comment'),
('INV0480', '2202040449087', '2015-09-05', 'Y', '2015-09-10', 'comment'),
('INV0481', '4011110520082', '2015-09-06', 'Y', '2015-09-09', 'comment'),
('INV0482', '1709280678088', '2015-09-07', 'Y', '2015-09-13', 'comment'),
('INV0483', '4403240664081', '2015-09-07', 'Y', '2015-09-08', 'comment'),
('INV0484', '1104280343081', '2015-09-07', 'Y', '2015-09-14', 'comment'),
('INV0485', '2707140905083', '2015-09-08', 'Y', '2015-09-16', 'comment'),
('INV0486', '1011160807087', '2015-09-09', 'Y', '2015-09-11', 'comment'),
('INV0487', '491010022086', '2015-09-10', 'Y', '2015-09-20', 'comment'),
('INV0488', '8101060996085', '2015-09-10', 'Y', '2015-09-15', 'comment'),
('INV0489', '5801140101084', '2015-09-10', 'Y', '2015-09-19', 'comment'),
('INV0490', '491010022086', '2015-09-11', 'Y', '2015-09-21', 'comment'),
('INV0491', '3406130687081', '2015-09-11', 'Y', '2015-09-20', 'comment'),
('INV0492', '7707250934088', '2015-09-11', 'Y', '2015-09-11', 'comment'),
('INV0493', '8306110412083', '2015-09-11', 'Y', '2015-09-19', 'comment'),
('INV0494', '5206110625085', '2015-09-11', 'Y', '2015-09-15', 'comment'),
('INV0495', '9910120124085', '2015-09-11', 'Y', '2015-09-20', 'comment'),
('INV0496', '6706260635082', '2015-09-12', 'Y', '2015-09-21', 'comment'),
('INV0497', '7312170466084', '2015-09-12', 'Y', '2015-09-14', 'comment'),
('INV0498', '730823030086', '2015-09-12', 'Y', '2015-09-12', 'comment'),
('INV0499', '5007040974083', '2015-09-13', 'Y', '2015-09-20', 'comment'),
('INV0500', '5404130544086', '2015-09-14', 'Y', '2015-09-16', 'comment'),
('INV0501', '7609110201086', '2015-09-14', 'Y', '2015-09-19', 'comment'),
('INV0502', '9710230788081', '2015-09-14', 'Y', '2015-09-18', 'comment'),
('INV0503', '6511130973087', '2015-09-16', 'Y', '2015-09-17', 'comment'),
('INV0504', '5307060340088', '2015-09-18', 'Y', '2015-09-28', 'comment'),
('INV0505', '8501030560088', '2015-09-19', 'Y', '2015-09-20', 'comment'),
('INV0506', '2012200849081', '2015-09-19', 'Y', '2015-09-22', 'comment'),
('INV0507', '4804180882084', '2015-09-20', 'Y', '2015-09-23', 'comment'),
('INV0508', '4802050681086', '2015-09-22', 'Y', '2015-09-24', 'comment'),
('INV0509', '7312170466084', '2015-09-23', 'Y', '2015-10-03', 'comment'),
('INV0510', '4702060556086', '2015-09-23', 'Y', '2015-09-24', 'comment'),
('INV0511', '991212074083', '2015-09-23', 'Y', '2015-09-28', 'comment'),
('INV0512', '4111180106083', '2015-09-24', 'Y', '2015-09-26', 'comment'),
('INV0513', '1204030632082', '2015-09-24', 'Y', '2015-10-02', 'comment'),
('INV0514', '491010022086', '2015-09-24', 'Y', '2015-09-28', 'comment'),
('INV0515', '4509140295084', '2015-09-25', 'Y', '2015-09-30', 'comment'),
('INV0516', '1603220911086', '2015-09-27', 'Y', '2015-10-01', 'comment'),
('INV0517', '2210130900088', '2015-09-28', 'Y', '2015-10-07', 'comment'),
('INV0518', '5001070584088', '2015-09-28', 'Y', '2015-10-03', 'comment'),
('INV0519', '9911090794084', '2015-09-28', 'Y', '2015-10-07', 'comment'),
('INV0520', '5801140101084', '2015-10-01', 'Y', '2015-10-01', 'comment'),
('INV0521', '531127094084', '2015-10-01', 'Y', '2015-10-08', 'comment'),
('INV0522', '7809130240082', '2015-10-01', 'Y', '2015-10-11', 'comment'),
('INV0523', '2706070629087', '2015-10-02', 'Y', '2015-10-05', 'comment'),
('INV0524', '6209040562083', '2015-10-02', 'Y', '2015-10-04', 'comment'),
('INV0525', '6803160923084', '2015-10-04', 'Y', '2015-10-06', 'comment'),
('INV0526', '7309060944088', '2015-10-06', 'Y', '2015-10-13', 'comment'),
('INV0527', '2709110853083', '2015-10-07', 'Y', '2015-10-17', 'comment'),
('INV0528', '9601060188087', '2015-10-07', 'Y', '2015-10-13', 'comment'),
('INV0529', '6308240548084', '2015-10-08', 'Y', '2015-10-15', 'comment'),
('INV0530', '8407030360083', '2015-10-08', 'Y', '2015-10-12', 'comment'),
('INV0531', '7412210788083', '2015-10-10', 'Y', '2015-10-15', 'comment'),
('INV0532', '8209140103086', '2015-10-10', 'Y', '2015-10-11', 'comment'),
('INV0533', '8306110412083', '2015-10-10', 'Y', '2015-10-11', 'comment'),
('INV0534', '9204240981082', '2015-10-10', 'Y', '2015-10-16', 'comment'),
('INV0535', '1012070281082', '2015-10-11', 'Y', '2015-10-21', 'comment'),
('INV0536', '2303030988083', '2015-10-12', 'Y', '2015-10-17', 'comment'),
('INV0537', '5910030388087', '2015-10-13', 'Y', '2015-10-16', 'comment'),
('INV0538', '1608130591087', '2015-10-13', 'Y', '2015-10-15', 'comment'),
('INV0539', '2811240555087', '2015-10-15', 'Y', '2015-10-16', 'comment'),
('INV0540', '3212110757087', '2015-10-16', 'Y', '2015-10-24', 'comment'),
('INV0541', '8501270465083', '2015-10-16', 'Y', '2015-10-16', 'comment'),
('INV0542', '4601060401083', '2015-10-17', 'Y', '2015-10-27', 'comment'),
('INV0543', '6907130694085', '2015-10-17', 'Y', '2015-10-26', 'comment'),
('INV0544', '1512170591085', '2015-10-18', 'Y', '2015-10-20', 'comment'),
('INV0545', '2712250489081', '2015-10-19', 'Y', '2015-10-21', 'comment'),
('INV0546', '5612220214081', '2015-10-20', 'Y', '2015-10-25', 'comment'),
('INV0547', '4111180106083', '2015-10-21', 'Y', '2015-10-31', 'comment'),
('INV0548', '5706150123087', '2015-10-23', 'Y', '2015-10-24', 'comment'),
('INV0549', '9911090794084', '2015-10-24', 'Y', '2015-10-26', 'comment'),
('INV0550', '2005130271081', '2015-10-24', 'Y', '2015-11-03', 'comment'),
('INV0551', '5404130544086', '2015-10-25', 'Y', '2015-10-25', 'comment'),
('INV0552', '5602060518087', '2015-10-26', 'Y', '2015-10-26', 'comment'),
('INV0553', '47072706087', '2015-11-01', 'Y', '2015-11-10', 'comment'),
('INV0554', '2511130529083', '2015-11-02', 'Y', '2015-11-08', 'comment'),
('INV0555', '7902150410084', '2015-11-02', 'Y', '2015-11-08', 'comment'),
('INV0556', '3410210326084', '2015-11-02', 'Y', '2015-11-07', 'comment'),
('INV0557', '1011060902084', '2015-11-03', 'Y', '2015-11-10', 'comment'),
('INV0558', '8906230122083', '2015-11-03', 'Y', '2015-11-06', 'comment'),
('INV0559', '510915039082', '2015-11-03', 'Y', '2015-11-13', 'comment'),
('INV0560', '2706070629087', '2015-11-06', 'Y', '2015-11-06', 'comment'),
('INV0561', '6404030447088', '2015-11-07', 'Y', '2015-11-16', 'comment'),
('INV0562', '5706200140082', '2015-11-10', 'Y', '2015-11-15', 'comment'),
('INV0563', '3810250735087', '2015-11-10', 'Y', '2015-11-12', 'comment'),
('INV0564', '960124047081', '2015-11-11', 'Y', '2015-11-16', 'comment'),
('INV0565', '8501030560088', '2015-11-12', 'Y', '2015-11-13', 'comment'),
('INV0566', '8810240788083', '2015-11-14', 'Y', '2015-11-14', 'comment'),
('INV0567', '3601280328086', '2015-11-14', 'Y', '2015-11-20', 'comment'),
('INV0568', '4504280921086', '2015-11-15', 'Y', '2015-11-24', 'comment'),
('INV0569', '2804220399085', '2015-11-16', 'Y', '2015-11-19', 'comment'),
('INV0570', '3912200408082', '2015-11-16', 'Y', '2015-11-19', 'comment'),
('INV0571', '6507050556081', '2015-11-17', 'Y', '2015-11-19', 'comment'),
('INV0572', '3001280724084', '2015-11-18', 'Y', '2015-11-18', 'comment'),
('INV0573', '5608240727082', '2015-11-19', 'Y', '2015-11-25', 'comment'),
('INV0574', '1011160807087', '2015-11-19', 'Y', '2015-11-20', 'comment'),
('INV0575', '8409280542088', '2015-11-20', 'Y', '2015-11-23', 'comment'),
('INV0576', '9502240191083', '2015-11-21', 'Y', '2015-11-30', 'comment'),
('INV0577', '6511130973087', '2015-11-21', 'Y', '2015-11-27', 'comment'),
('INV0578', '8508170901082', '2015-11-21', 'Y', '2015-12-01', 'comment'),
('INV0579', '2709210905082', '2015-11-22', 'Y', '2015-12-01', 'comment'),
('INV0580', '5212190473083', '2015-11-22', 'Y', '2015-12-01', 'comment'),
('INV0581', '6910130773087', '2015-11-23', 'Y', '2015-12-02', 'comment'),
('INV0582', '7202270202087', '2015-11-23', 'Y', '2015-11-30', 'comment'),
('INV0583', '1804030915086', '2015-11-24', 'Y', '2015-11-25', 'comment'),
('INV0584', '7003050348086', '2015-11-28', 'Y', '2015-12-08', 'comment'),
('INV0585', '5612220214081', '2015-12-01', 'Y', '2015-12-04', 'comment'),
('INV0586', '9706130545082', '2015-12-02', 'Y', '2015-12-03', 'comment'),
('INV0587', '9601060188087', '2015-12-04', 'Y', '2015-12-11', 'comment'),
('INV0588', '7801120638083', '2015-12-07', 'Y', '2015-12-12', 'comment'),
('INV0589', '8209260885087', '2015-12-07', 'Y', '2015-12-17', 'comment'),
('INV0590', '3410210326084', '2015-12-08', 'Y', '2015-12-16', 'comment'),
('INV0591', '3505100334081', '2015-12-08', 'Y', '2015-12-09', 'comment'),
('INV0592', '5008230824086', '2015-12-09', 'Y', '2015-12-11', 'comment'),
('INV0593', '7808140304084', '2015-12-09', 'Y', '2015-12-12', 'comment'),
('INV0594', '5109040274081', '2015-12-09', 'Y', '2015-12-10', 'comment'),
('INV0595', '3508130716085', '2015-12-10', 'Y', '2015-12-15', 'comment'),
('INV0596', '820305040087', '2015-12-10', 'Y', '2015-12-13', 'comment'),
('INV0597', '6603100144082', '2015-12-11', 'Y', '2015-12-17', 'comment'),
('INV0598', '1804030915086', '2015-12-12', 'Y', '2015-12-16', 'comment'),
('INV0599', '5001070584088', '2015-12-13', 'Y', '2015-12-17', 'comment'),
('INV0600', '4511070585086', '2015-12-15', 'Y', '2015-12-20', 'comment'),
('INV0601', '7303120569085', '2015-12-15', 'Y', '2015-12-15', 'comment'),
('INV0602', '1004050642083', '2015-12-17', 'Y', '2015-12-17', 'comment'),
('INV0603', '4708110702087', '2015-12-17', 'Y', '2015-12-19', 'comment'),
('INV0604', '6311250169086', '2015-12-17', 'Y', '2015-12-20', 'comment'),
('INV0605', '4401230403085', '2015-12-18', 'Y', '2015-12-27', 'comment'),
('INV0606', '7002130927081', '2015-12-20', 'Y', '2015-12-28', 'comment'),
('INV0607', '290611026087', '2015-12-21', 'Y', '2015-12-26', 'comment'),
('INV0608', '7801120638083', '2015-12-21', 'Y', '2015-12-25', 'comment'),
('INV0609', '9706130545082', '2015-12-21', 'Y', '2015-12-31', 'comment'),
('INV0610', '7306050161086', '2015-12-21', 'Y', '2015-12-23', 'comment'),
('INV0611', '1908150375082', '2015-12-21', 'Y', '2015-12-25', 'comment'),
('INV0612', '490705046088', '2015-12-22', 'Y', '2015-12-28', 'comment'),
('INV0613', '6803160923084', '2015-12-23', 'Y', '2015-12-31', 'comment'),
('INV0614', '9109270875081', '2015-12-26', 'Y', '2016-01-02', 'comment'),
('INV0615', '1104280343081', '2015-12-27', 'Y', '2015-12-29', 'comment'),
('INV0616', '4111180106083', '2015-12-27', 'Y', '2015-12-27', 'comment'),
('INV0617', '530628013085', '2015-12-28', 'Y', '2016-01-05', 'comment'),
('INV0618', '6412050862088', '2015-12-28', 'Y', '2016-01-03', 'comment'),
('INV0619', '9710010812081', '2016-01-01', 'Y', '2016-01-11', 'comment'),
('INV0620', '2309220589087', '2016-01-02', 'Y', '2016-01-06', 'comment'),
('INV0621', '4511070585086', '2016-01-03', 'Y', '2016-01-10', 'comment'),
('INV0622', '2707140905083', '2016-01-03', 'Y', '2016-01-08', 'comment'),
('INV0623', '3811210932081', '2016-01-04', 'Y', '2016-01-13', 'comment'),
('INV0624', '1205040963082', '2016-01-05', 'Y', '2016-01-13', 'comment'),
('INV0625', '1203280171086', '2016-01-07', 'Y', '2016-01-09', 'comment'),
('INV0626', '5907270761084', '2016-01-07', 'Y', '2016-01-15', 'comment'),
('INV0627', '510915039082', '2016-01-09', 'Y', '2016-01-19', 'comment'),
('INV0628', '2011240231088', '2016-01-09', 'Y', '2016-01-09', 'comment'),
('INV0629', '9012110306084', '2016-01-09', 'Y', '2016-01-10', 'comment'),
('INV0630', '6609200993085', '2016-01-14', 'Y', '2016-01-23', 'comment'),
('INV0631', '3601280328086', '2016-01-14', 'Y', '2016-01-24', 'comment'),
('INV0632', '6107030710088', '2016-01-18', 'Y', '2016-01-24', 'comment'),
('INV0633', '5002180199088', '2016-01-19', 'Y', '2016-01-21', 'comment'),
('INV0634', '5001070584088', '2016-01-23', 'Y', '2016-01-27', 'comment'),
('INV0635', '9109140754088', '2016-01-23', 'Y', '2016-01-25', 'comment'),
('INV0636', '9012110306084', '2016-01-24', 'Y', '2016-02-02', 'comment'),
('INV0637', '4509140295084', '2016-01-25', 'Y', '2016-02-01', 'comment'),
('INV0638', '4207260415085', '2016-01-26', 'Y', '2016-02-03', 'comment'),
('INV0639', '1608130591087', '2016-01-28', 'Y', '2016-01-29', 'comment'),
('INV0640', '1308190287088', '2016-02-02', 'Y', '2016-02-03', 'comment'),
('INV0641', '5711110485087', '2016-02-02', 'Y', '2016-02-07', 'comment'),
('INV0642', '7309060944088', '2016-02-05', 'Y', '2016-02-14', 'comment'),
('INV0643', '3811210932081', '2016-02-07', 'Y', '2016-02-13', 'comment'),
('INV0644', '3708100193088', '2016-02-10', 'Y', '2016-02-11', 'comment'),
('INV0645', '1011160807087', '2016-02-11', 'Y', '2016-02-16', 'comment'),
('INV0646', '8105100593086', '2016-02-13', 'Y', '2016-02-13', 'comment'),
('INV0647', '5510220761085', '2016-02-13', 'Y', '2016-02-23', 'comment'),
('INV0648', '7609110201086', '2016-02-14', 'Y', '2016-02-15', 'comment'),
('INV0649', '9103060340082', '2016-02-15', 'Y', '2016-02-24', 'comment'),
('INV0650', '2201120350085', '2016-02-18', 'Y', '2016-02-19', 'comment'),
('INV0651', '1603220911086', '2016-02-19', 'Y', '2016-02-19', 'comment'),
('INV0652', '5212190473083', '2016-02-19', 'Y', '2016-02-20', 'comment'),
('INV0653', '7907160124082', '2016-02-20', 'Y', '2016-03-01', 'comment'),
('INV0654', '9109140754088', '2016-02-20', 'Y', '2016-02-27', 'comment'),
('INV0655', '9910120124085', '2016-02-21', 'Y', '2016-02-27', 'comment'),
('INV0656', '510915039082', '2016-02-24', 'Y', '2016-02-29', 'comment'),
('INV0657', '5308230754082', '2016-02-25', 'Y', '2016-03-03', 'comment'),
('INV0658', '7309060944088', '2016-03-01', 'Y', '2016-03-03', 'comment'),
('INV0659', '6507070463082', '2016-03-03', 'Y', '2016-03-08', 'comment'),
('INV0660', '8209140103086', '2016-03-06', 'Y', '2016-03-13', 'comment'),
('INV0661', '1412130177086', '2016-03-13', 'Y', '2016-03-22', 'comment'),
('INV0662', '4410200801082', '2016-03-15', 'Y', '2016-03-24', 'comment'),
('INV0663', '8210240595083', '2016-03-15', 'Y', '2016-03-16', 'comment'),
('INV0664', '2707140905083', '2016-03-16', 'Y', '2016-03-21', 'comment'),
('INV0665', '8210240595083', '2016-03-17', 'Y', '2016-03-21', 'comment'),
('INV0666', '4710160845084', '2016-03-17', 'Y', '2016-03-17', 'comment'),
('INV0667', '4005040289082', '2016-03-17', 'Y', '2016-03-19', 'comment'),
('INV0668', '2704170868088', '2016-03-18', 'Y', '2016-03-27', 'comment'),
('INV0669', '5608010370088', '2016-03-19', 'Y', '2016-03-23', 'comment'),
('INV0670', '2612230397082', '2016-03-19', 'Y', '2016-03-19', 'comment'),
('INV0671', '2807090965085', '2016-03-22', 'Y', '2016-03-25', 'comment'),
('INV0672', '3410210326084', '2016-03-23', 'Y', '2016-03-24', 'comment'),
('INV0673', '6207220448088', '2016-03-25', 'Y', '2016-03-31', 'comment'),
('INV0674', '8406270311082', '2016-03-26', 'Y', '2016-03-27', 'comment'),
('INV0675', '5801140101084', '2016-03-27', 'Y', '2016-03-27', 'comment'),
('INV0676', '6404030447088', '2016-04-03', 'Y', '2016-04-06', 'comment'),
('INV0677', '1906040694086', '2016-04-04', 'Y', '2016-04-14', 'comment'),
('INV0678', '9706130545082', '2016-04-05', 'Y', '2016-04-15', 'comment'),
('INV0679', '5902220915081', '2016-04-05', 'Y', '2016-04-05', 'comment'),
('INV0680', '9701100285087', '2016-04-06', 'Y', '2016-04-16', 'comment'),
('INV0681', '1003250239088', '2016-04-07', 'Y', '2016-04-15', 'comment'),
('INV0682', '6711170133088', '2016-04-12', 'Y', '2016-04-21', 'comment'),
('INV0683', '8610120779086', '2016-04-13', 'Y', '2016-04-18', 'comment'),
('INV0684', '4601060264085', '2016-04-14', 'Y', '2016-04-19', 'comment'),
('INV0685', '1902060828085', '2016-04-19', 'Y', '2016-04-27', 'comment'),
('INV0686', '7805110427084', '2016-04-23', 'Y', '2016-05-02', 'comment'),
('INV0687', '2804070757085', '2016-04-25', 'Y', '2016-05-01', 'comment'),
('INV0688', '7505030416082', '2016-04-26', 'Y', '2016-04-30', 'comment'),
('INV0689', '7902150410084', '2016-04-27', 'Y', '2016-04-29', 'comment'),
('INV0690', '5507140417085', '2016-05-02', 'Y', '2016-05-09', 'comment'),
('INV0691', '1412130177086', '2016-05-02', 'Y', '2016-05-12', 'comment'),
('INV0692', '6509050392085', '2016-05-06', 'Y', '2016-05-16', 'comment'),
('INV0693', '4307190367081', '2016-05-06', 'Y', '2016-05-08', 'comment'),
('INV0694', '3508030550085', '2016-05-06', 'Y', '2016-05-15', 'comment'),
('INV0695', '8906230122083', '2016-05-06', 'Y', '2016-05-10', 'comment'),
('INV0696', '9503010970083', '2016-05-06', 'Y', '2016-05-07', 'comment'),
('INV0697', '7912110951087', '2016-05-08', 'Y', '2016-05-17', 'comment'),
('INV0698', '5404130544086', '2016-05-08', 'Y', '2016-05-09', 'comment'),
('INV0699', '8908220122088', '2016-05-11', 'Y', '2016-05-15', 'comment'),
('INV0700', '681014062082', '2016-05-13', 'Y', '2016-05-14', 'comment'),
('INV0701', '8906120948084', '2016-05-14', 'Y', '2016-05-24', 'comment'),
('INV0702', '2012200849081', '2016-05-15', 'Y', '2016-05-25', 'comment'),
('INV0703', '7107150227081', '2016-05-17', 'Y', '2016-05-22', 'comment'),
('INV0704', '4111180106083', '2016-05-17', 'Y', '2016-05-24', 'comment'),
('INV0705', '9706130545082', '2016-05-18', 'Y', '2016-05-20', 'comment'),
('INV0706', '960124047081', '2016-05-19', 'Y', '2016-05-23', 'comment'),
('INV0707', '6802050633083', '2016-05-22', 'Y', '2016-05-26', 'comment'),
('INV0708', '9901030534081', '2016-05-23', 'Y', '2016-05-24', 'comment'),
('INV0709', '5009140926088', '2016-05-24', 'Y', '2016-05-25', 'comment'),
('INV0710', '6310200940086', '2016-05-24', 'Y', '2016-06-01', 'comment'),
('INV0711', '7205020213082', '2016-05-27', 'Y', '2016-05-31', 'comment'),
('INV0712', '4701240299087', '2016-05-27', 'Y', '2016-06-02', 'comment'),
('INV0713', '7205020213082', '2016-05-27', 'Y', '2016-06-03', 'comment'),
('INV0714', '1504280313088', '2016-05-28', 'Y', '2016-06-03', 'comment'),
('INV0715', '2008190919082', '2016-06-01', 'Y', '2016-06-02', 'comment'),
('INV0716', '6507050556081', '2016-06-04', 'Y', '2016-06-08', 'comment'),
('INV0717', '1011160807087', '2016-06-07', 'Y', '2016-06-09', 'comment'),
('INV0718', '151021036088', '2016-06-07', 'Y', '2016-06-12', 'comment'),
('INV0719', '6111260929085', '2016-06-07', 'Y', '2016-06-14', 'comment'),
('INV0720', '4603230789086', '2016-06-08', 'Y', '2016-06-11', 'comment'),
('INV0721', '510915039082', '2016-06-09', 'Y', '2016-06-12', 'comment'),
('INV0722', 'Client_id', '2016-06-13', 'Y', '2016-06-14', 'comment'),
('INV0723', '2011240231088', '2016-06-14', 'Y', '2016-06-23', 'comment'),
('INV0724', '530628013085', '2016-06-14', 'Y', '2016-06-23', 'comment'),
('INV0725', '580512061088', '2016-06-14', 'Y', '2016-06-15', 'comment'),
('INV0726', '3004230801084', '2016-06-15', 'Y', '2016-06-16', 'comment'),
('INV0727', '5608010370088', '2016-06-15', 'Y', '2016-06-17', 'comment'),
('INV0728', '6711170133088', '2016-06-20', 'Y', '2016-06-24', 'comment'),
('INV0729', '3208130215083', '2016-06-26', 'Y', '2016-07-04', 'comment'),
('INV0730', '7004060440082', '2016-07-02', 'Y', '2016-07-08', 'comment'),
('INV0731', '3503100678084', '2016-07-02', 'Y', '2016-07-06', 'comment'),
('INV0732', '6509220788082', '2016-07-03', 'Y', '2016-07-07', 'comment'),
('INV0733', '6609200993085', '2016-07-04', 'Y', '2016-07-08', 'comment'),
('INV0734', '3503100678084', '2016-07-05', 'Y', '2016-07-14', 'comment'),
('INV0735', '2012190284086', '2016-07-07', 'Y', '2016-07-09', 'comment'),
('INV0736', '3406260688085', '2016-07-08', 'Y', '2016-07-09', 'comment'),
('INV0737', '9911090794084', '2016-07-08', 'Y', '2016-07-18', 'comment'),
('INV0738', '3902120576083', '2016-07-09', 'Y', '2016-07-13', 'comment'),
('INV0739', '2702250305088', '2016-07-14', 'Y', '2016-07-21', 'comment'),
('INV0740', '3605040496081', '2016-07-14', 'Y', '2016-07-16', 'comment'),
('INV0741', '4004220578084', '2016-07-15', 'Y', '2016-07-24', 'comment'),
('INV0742', '770124076088', '2016-07-15', 'Y', '2016-07-25', 'comment'),
('INV0743', '8210240595083', '2016-07-16', 'Y', '2016-07-20', 'comment'),
('INV0744', '5602060518087', '2016-07-17', 'Y', '2016-07-25', 'comment'),
('INV0745', '6107030710088', '2016-07-18', 'Y', '2016-07-20', 'comment'),
('INV0746', '2007100717086', '2016-07-18', 'Y', '2016-07-20', 'comment'),
('INV0747', '4504280921086', '2016-07-20', 'Y', '2016-07-29', 'comment'),
('INV0748', '1302080439088', '2016-07-21', 'Y', '2016-07-23', 'comment'),
('INV0749', '5704100297086', '2016-07-22', 'Y', '2016-07-31', 'comment'),
('INV0750', '7707250934088', '2016-07-25', 'Y', '2016-07-31', 'comment'),
('INV0751', '9910060946082', '2016-07-25', 'Y', '2016-07-26', 'comment'),
('INV0752', '5212190473083', '2016-07-26', 'Y', '2016-08-01', 'comment'),
('INV0753', '9908260536088', '2016-07-26', 'Y', '2016-08-02', 'comment'),
('INV0754', '4509220879086', '2016-07-27', 'Y', '2016-08-06', 'comment'),
('INV0755', '4911280960085', '2016-07-28', 'Y', '2016-07-28', 'comment'),
('INV0756', '6401240516085', '2016-07-28', 'Y', '2016-08-04', 'comment'),
('INV0757', '2109050549084', '2016-07-28', 'Y', '2016-08-06', 'comment'),
('INV0758', '2007100717086', '2016-08-01', 'Y', '2016-08-06', 'comment'),
('INV0759', '5512160318087', '2016-08-03', 'Y', '2016-08-11', 'comment'),
('INV0760', '7312170466084', '2016-08-05', 'Y', '2016-08-11', 'comment'),
('INV0761', '9811220178083', '2016-08-07', 'Y', '2016-08-14', 'comment'),
('INV0762', '1810160413088', '2016-08-07', 'Y', '2016-08-15', 'comment'),
('INV0763', '5206110625085', '2016-08-07', 'Y', '2016-08-16', 'comment'),
('INV0764', '740501094086', '2016-08-09', 'Y', '2016-08-12', 'comment'),
('INV0765', '7804050808083', '2016-08-10', 'Y', '2016-08-16', 'comment'),
('INV0766', '5404130544086', '2016-08-10', 'Y', '2016-08-16', 'comment'),
('INV0767', '3708100193088', '2016-08-10', 'Y', '2016-08-13', 'comment'),
('INV0768', '5001070584088', '2016-08-11', 'Y', '2016-08-17', 'comment'),
('INV0769', '4901240565082', '2016-08-12', 'Y', '2016-08-13', 'comment'),
('INV0770', '7804050808083', '2016-08-15', 'Y', '2016-08-25', 'comment'),
('INV0771', '3502010805081', '2016-08-16', 'Y', '2016-08-21', 'comment'),
('INV0772', '9608280617083', '2016-08-16', 'Y', '2016-08-21', 'comment'),
('INV0773', '7108280360087', '2016-08-20', 'Y', '2016-08-21', 'comment'),
('INV0774', '2511130529083', '2016-08-21', 'Y', '2016-08-29', 'comment'),
('INV0775', '5711110485087', '2016-08-21', 'Y', '2016-08-24', 'comment'),
('INV0776', '4003100886084', '2016-08-23', 'Y', '2016-08-23', 'comment'),
('INV0777', '8807130418086', '2016-08-23', 'Y', '2016-08-27', 'comment'),
('INV0778', '6112060275088', '2016-08-24', 'Y', '2016-08-24', 'comment'),
('INV0779', '3001280724084', '2016-08-27', 'Y', '2016-08-29', 'comment'),
('INV0780', '8301170304085', '2016-09-01', 'Y', '2016-09-03', 'comment'),
('INV0781', '8810240788083', '2016-09-01', 'Y', '2016-09-04', 'comment'),
('INV0782', '5001070584088', '2016-09-01', 'Y', '2016-09-10', 'comment'),
('INV0783', '6607010903082', '2016-09-02', 'Y', '2016-09-10', 'comment'),
('INV0784', '5706150123087', '2016-09-02', 'Y', '2016-09-02', 'comment'),
('INV0785', '2007100717086', '2016-09-02', 'Y', '2016-09-02', 'comment'),
('INV0786', '6706260635082', '2016-09-03', 'Y', '2016-09-07', 'comment'),
('INV0787', '2411070180081', '2016-09-06', 'Y', '2016-09-07', 'comment'),
('INV0788', '2704170868088', '2016-09-07', 'Y', '2016-09-11', 'comment'),
('INV0789', '7701260528087', '2016-09-07', 'Y', '2016-09-12', 'comment');
INSERT INTO `tblinv_info` (`inv_num`, `client_ID`, `inv_date`, `inv_paid`, `inv_paid_date`, `comments`) VALUES
('INV0790', '3203230938086', '2016-09-08', 'Y', '2016-09-18', 'comment'),
('INV0791', '4812160561083', '2016-09-09', 'Y', '2016-09-19', 'comment'),
('INV0792', '9901030534081', '2016-09-11', 'Y', '2016-09-11', 'comment'),
('INV0793', '7108280360087', '2016-09-12', 'Y', '2016-09-17', 'comment'),
('INV0794', '8902010959088', '2016-09-20', 'Y', '2016-09-20', 'comment'),
('INV0795', '8610120779086', '2016-09-23', 'Y', '2016-09-28', 'comment'),
('INV0796', '7309060944088', '2016-09-24', 'Y', '2016-09-27', 'comment'),
('INV0797', '6102220345081', '2016-09-26', 'Y', '2016-09-29', 'comment'),
('INV0798', '7306050161086', '2016-09-27', 'Y', '2016-10-05', 'comment'),
('INV0799', '5206110625085', '2016-09-28', 'Y', '2016-10-04', 'comment'),
('INV0800', '9612070824088', '2016-09-28', 'Y', '2016-10-04', 'comment'),
('INV0801', '8301170304085', '2016-09-28', 'Y', '2016-10-08', 'comment'),
('INV0802', '3911070339085', '2016-10-02', 'Y', '2016-10-06', 'comment'),
('INV0803', '9601060188087', '2016-10-03', 'Y', '2016-10-05', 'comment'),
('INV0804', '4511070585086', '2016-10-05', 'Y', '2016-10-12', 'comment'),
('INV0805', '5304280232082', '2016-10-07', 'Y', '2016-10-07', 'comment'),
('INV0806', '4601060264085', '2016-10-10', 'Y', '2016-10-14', 'comment'),
('INV0807', '6404230631085', '2016-10-10', 'Y', '2016-10-19', 'comment'),
('INV0808', '771109035087', '2016-10-10', 'Y', '2016-10-18', 'comment'),
('INV0809', '740501094086', '2016-10-10', 'Y', '2016-10-18', 'comment'),
('INV0810', '6111260929085', '2016-10-14', 'Y', '2016-10-17', 'comment'),
('INV0811', '1204030632082', '2016-10-16', 'Y', '2016-10-25', 'comment'),
('INV0812', '9010200680087', '2016-10-16', 'Y', '2016-10-26', 'comment'),
('INV0813', '5210250933083', '2016-10-16', 'Y', '2016-10-16', 'comment'),
('INV0814', '6907130694085', '2016-10-17', 'Y', '2016-10-22', 'comment'),
('INV0815', '2909270467081', '2016-10-18', 'Y', '2016-10-18', 'comment'),
('INV0816', '3605040496081', '2016-10-19', 'Y', '2016-10-21', 'comment'),
('INV0817', '3601280328086', '2016-10-22', 'Y', '2016-10-28', 'comment'),
('INV0818', '5512080417086', '2016-10-23', 'Y', '2016-10-26', 'comment'),
('INV0819', '5109080251088', '2016-10-25', 'Y', '2016-10-29', 'comment'),
('INV0820', '5805130165085', '2016-10-25', 'Y', '2016-10-30', 'comment'),
('INV0821', '9412180136082', '2016-11-05', 'Y', '2016-11-08', 'comment'),
('INV0822', '5109080251088', '2016-11-08', 'Y', '2016-11-10', 'comment'),
('INV0823', '2109050549084', '2016-11-12', 'Y', '2016-11-13', 'comment'),
('INV0824', '8105100593086', '2016-11-15', 'Y', '2016-11-24', 'comment'),
('INV0825', '1709280678088', '2016-11-16', 'Y', '2016-11-20', 'comment'),
('INV0826', '7906010195081', '2016-11-17', 'Y', '2016-11-26', 'comment'),
('INV0827', '7707250934088', '2016-11-19', 'Y', '2016-11-29', 'comment'),
('INV0828', '950310057086', '2016-11-22', 'Y', '2016-11-23', 'comment'),
('INV0829', '7205120917082', '2016-11-23', 'Y', '2016-11-28', 'comment'),
('INV0830', '491010022086', '2016-11-24', 'Y', '2016-12-03', 'comment'),
('INV0831', '400422050085', '2016-11-25', 'Y', '2016-11-28', 'comment'),
('INV0832', '2703080994088', '2016-11-25', 'Y', '2016-12-02', 'comment'),
('INV0833', '3306170196085', '2016-11-27', 'Y', '2016-12-07', 'comment'),
('INV0834', '9109270875081', '2016-11-28', 'Y', '2016-12-08', 'comment'),
('INV0835', '4601060264085', '2016-12-03', 'Y', '2016-12-11', 'comment'),
('INV0836', '5703210321082', '2016-12-06', 'Y', '2016-12-11', 'comment'),
('INV0837', '2008190919082', '2016-12-07', 'Y', '2016-12-15', 'comment'),
('INV0838', '1302080439088', '2016-12-07', 'Y', '2016-12-16', 'comment'),
('INV0839', '530628013085', '2016-12-12', 'Y', '2016-12-16', 'comment'),
('INV0840', '8006220732085', '2016-12-13', 'Y', '2016-12-17', 'comment'),
('INV0841', '9210110388086', '2016-12-13', 'Y', '2016-12-19', 'comment'),
('INV0842', '5404130544086', '2016-12-13', 'Y', '2016-12-13', 'comment'),
('INV0843', '7212170290085', '2016-12-16', 'Y', '2016-12-25', 'comment'),
('INV0844', '2202040449087', '2016-12-17', 'Y', '2016-12-20', 'comment'),
('INV0845', '7912110951087', '2016-12-21', 'Y', '2016-12-29', 'comment'),
('INV0846', '1003250239088', '2016-12-22', 'Y', '2016-12-23', 'comment'),
('INV0847', '8501030560088', '2016-12-24', 'Y', '2016-12-31', 'comment'),
('INV0848', '9012110306084', '2016-12-25', 'Y', '2016-12-25', 'comment'),
('INV0849', '8101060996085', '2016-12-25', 'Y', '2017-01-04', 'comment'),
('INV0850', '1311040718081', '2016-12-26', 'Y', '2017-01-04', 'comment'),
('INV0851', '2906040747081', '2016-12-26', 'Y', '2017-01-05', 'comment'),
('INV0852', '1005260157083', '2016-12-27', 'Y', '2016-12-28', 'comment'),
('INV0853', '7312170466084', '2016-12-27', 'Y', '2017-01-05', 'comment'),
('INV0854', '82032206087', '2016-12-27', 'Y', '2016-12-28', 'comment'),
('INV0855', '2706070629087', '2016-12-28', 'Y', '2017-01-03', 'comment'),
('INV0856', '1412130177086', '2017-01-01', 'Y', '2017-01-05', 'comment'),
('INV0857', '6408200513081', '2017-01-02', 'Y', '2017-01-06', 'comment'),
('INV0858', '1902060828085', '2017-01-03', 'Y', '2017-01-03', 'comment'),
('INV0859', '7312050486084', '2017-01-04', 'Y', '2017-01-06', 'comment'),
('INV0860', '9810260112082', '2017-01-05', 'Y', '2017-01-08', 'comment'),
('INV0861', '341216047088', '2017-01-06', 'Y', '2017-01-07', 'comment'),
('INV0862', '7704070438085', '2017-01-11', 'Y', '2017-01-19', 'comment'),
('INV0863', '1805020907085', '2017-01-12', 'Y', '2017-01-12', 'comment'),
('INV0864', '6607010903082', '2017-01-14', 'Y', '2017-01-20', 'comment'),
('INV0865', '851123068082', '2017-01-14', 'Y', '2017-01-14', 'comment'),
('INV0866', '2008190919082', '2017-01-15', 'Y', '2017-01-15', 'comment'),
('INV0867', '6404230631085', '2017-01-16', 'Y', '2017-01-19', 'comment'),
('INV0868', '7107150227081', '2017-01-17', 'Y', '2017-01-23', 'comment'),
('INV0869', '6706260635082', '2017-01-18', 'Y', '2017-01-22', 'comment'),
('INV0870', '5507130805081', '2017-01-20', 'Y', '2017-01-26', 'comment'),
('INV0871', '4302130387083', '2017-01-25', 'Y', '2017-01-27', 'comment'),
('INV0872', '2706070629087', '2017-01-26', 'Y', '2017-01-30', 'comment'),
('INV0873', '2804070757085', '2017-01-27', 'Y', '2017-02-03', 'comment'),
('INV0874', '1803090222085', '2017-02-02', 'Y', '2017-02-05', 'comment'),
('INV0875', '6511130973087', '2017-02-02', 'Y', '2017-02-09', 'comment'),
('INV0876', '4802050681086', '2017-02-03', 'Y', '2017-02-04', 'comment'),
('INV0877', '7512130745085', '2017-02-04', 'Y', '2017-02-05', 'comment'),
('INV0878', '1107230618084', '2017-02-07', 'Y', '2017-02-09', 'comment'),
('INV0879', '2411070180081', '2017-02-07', 'Y', '2017-02-08', 'comment'),
('INV0880', '1007230144085', '2017-02-08', 'Y', '2017-02-11', 'comment'),
('INV0881', '9010200680087', '2017-02-10', 'Y', '2017-02-10', 'comment'),
('INV0882', '2906040747081', '2017-02-12', 'Y', '2017-02-15', 'comment'),
('INV0883', '2605150205088', '2017-02-12', 'Y', '2017-02-19', 'comment'),
('INV0884', '5706150123087', '2017-02-21', 'Y', '2017-02-21', 'comment'),
('INV0885', '2902030264083', '2017-02-22', 'Y', '2017-02-25', 'comment'),
('INV0886', '9910120124085', '2017-02-23', 'Y', '2017-02-25', 'comment'),
('INV0887', '3205230915086', '2017-02-26', 'Y', '2017-03-03', 'comment'),
('INV0888', '9611120247088', '2017-03-04', 'Y', '2017-03-07', 'comment'),
('INV0889', '4509140295084', '2017-03-04', 'Y', '2017-03-12', 'comment'),
('INV0890', '4708110702087', '2017-03-06', 'Y', '2017-03-10', 'comment'),
('INV0891', '8508060640084', '2017-03-06', 'Y', '2017-03-14', 'comment'),
('INV0892', '1012070281082', '2017-03-06', 'Y', '2017-03-12', 'comment'),
('INV0893', '2709210905082', '2017-03-06', 'Y', '2017-03-07', 'comment'),
('INV0894', '640428082086', '2017-03-07', 'Y', '2017-03-16', 'comment'),
('INV0895', '6909200583086', '2017-03-08', 'Y', '2017-03-14', 'comment'),
('INV0896', '4601060401083', '2017-03-08', 'Y', '2017-03-16', 'comment'),
('INV0897', '6204260308088', '2017-03-11', 'Y', '2017-03-20', 'comment'),
('INV0898', '9503010970083', '2017-03-16', 'Y', '2017-03-26', 'comment'),
('INV0899', '5907270761084', '2017-03-17', 'Y', '2017-03-21', 'comment'),
('INV0900', '9109140754088', '2017-03-18', 'Y', '2017-03-18', 'comment'),
('INV0901', '820305040087', '2017-03-18', 'Y', '2017-03-24', 'comment'),
('INV0902', '3503100678084', '2017-03-19', 'Y', '2017-03-28', 'comment'),
('INV0903', '4307190367081', '2017-03-21', 'Y', '2017-03-21', 'comment'),
('INV0904', '5608240727082', '2017-03-23', 'Y', '2017-03-24', 'comment'),
('INV0905', '9712150845081', '2017-03-24', 'Y', '2017-03-31', 'comment'),
('INV0906', '730823030086', '2017-03-26', 'Y', '2017-03-30', 'comment'),
('INV0907', '8005030611082', '2017-03-28', 'Y', '2017-03-31', 'comment'),
('INV0908', '1709280678088', '2017-04-03', 'Y', '2017-04-03', 'comment'),
('INV0909', '2411070180081', '2017-04-04', 'Y', '2017-04-08', 'comment'),
('INV0910', '640428082086', '2017-04-04', 'Y', '2017-04-13', 'comment'),
('INV0911', '7602020209088', '2017-04-09', 'Y', '2017-04-13', 'comment'),
('INV0912', '670305077081', '2017-04-12', 'Y', '2017-04-12', 'comment'),
('INV0913', '5608010370088', '2017-04-14', 'Y', '2017-04-19', 'comment'),
('INV0914', '8306110412083', '2017-04-16', 'Y', '2017-04-20', 'comment'),
('INV0915', '4004220578084', '2017-04-19', 'Y', '2017-04-20', 'comment'),
('INV0916', '1302080439088', '2017-04-21', 'Y', '2017-04-26', 'comment'),
('INV0917', '1512140600088', '2017-04-21', 'Y', '2017-04-29', 'comment'),
('INV0918', '6509220788082', '2017-04-22', 'Y', '2017-04-30', 'comment'),
('INV0919', '3203230938086', '2017-04-25', 'Y', '2017-04-27', 'comment'),
('INV0920', '341216047088', '2017-04-27', 'Y', '2017-05-05', 'comment'),
('INV0921', '47120603088', '2017-04-28', 'Y', '2017-05-08', 'comment'),
('INV0922', '5711110485087', '2017-05-01', 'Y', '2017-05-05', 'comment'),
('INV0923', '4504280921086', '2017-05-03', 'Y', '2017-05-08', 'comment'),
('INV0924', '8508060640084', '2017-05-04', 'Y', '2017-05-12', 'comment'),
('INV0925', '8501030560088', '2017-05-05', 'Y', '2017-05-13', 'comment'),
('INV0926', '6509050392085', '2017-05-06', 'Y', '2017-05-14', 'comment'),
('INV0927', '9911090794084', '2017-05-08', 'Y', '2017-05-10', 'comment'),
('INV0928', '5809170914084', '2017-05-11', 'Y', '2017-05-14', 'comment'),
('INV0929', '6607010903082', '2017-05-14', 'Y', '2017-05-23', 'comment'),
('INV0930', '2210130900088', '2017-05-15', 'Y', '2017-05-23', 'comment'),
('INV0931', '1311240354085', '2017-05-16', 'Y', '2017-05-20', 'comment'),
('INV0932', '2707050803087', '2017-05-17', 'Y', '2017-05-17', 'comment'),
('INV0933', '6802050633083', '2017-05-18', 'Y', '2017-05-27', 'comment'),
('INV0934', '9710230788081', '2017-05-19', 'Y', '2017-05-28', 'comment'),
('INV0935', '3708100193088', '2017-05-20', 'Y', '2017-05-26', 'comment'),
('INV0936', '3205230915086', '2017-05-21', 'Y', '2017-05-26', 'comment'),
('INV0937', '1902060828085', '2017-05-23', 'Y', '2017-05-24', 'comment'),
('INV0938', '6310200940086', '2017-05-23', 'Y', '2017-05-28', 'comment'),
('INV0939', '3411260488085', '2017-05-24', 'Y', '2017-06-01', 'comment'),
('INV0940', '151021036088', '2017-05-25', 'Y', '2017-06-03', 'comment'),
('INV0941', '9701100741082', '2017-06-02', 'Y', '2017-06-04', 'comment'),
('INV0942', '9503010970083', '2017-06-04', 'Y', '2017-06-10', 'comment'),
('INV0943', '5002080660085', '2017-06-04', 'Y', '2017-06-10', 'comment'),
('INV0944', '6910130773087', '2017-06-04', 'Y', '2017-06-07', 'comment'),
('INV0945', '3708100193088', '2017-06-05', 'Y', '2017-06-05', 'comment'),
('INV0946', '4504280921086', '2017-06-05', 'Y', '2017-06-14', 'comment'),
('INV0947', '400422050085', '2017-06-07', 'Y', '2017-06-12', 'comment'),
('INV0948', '3406130687081', '2017-06-09', 'Y', '2017-06-15', 'comment'),
('INV0949', '7403250912088', '2017-06-09', 'Y', '2017-06-13', 'comment'),
('INV0950', '1104280343081', '2017-06-12', 'Y', '2017-06-20', 'comment'),
('INV0951', '1906040694086', '2017-06-12', 'Y', '2017-06-15', 'comment'),
('INV0952', '7412210788083', '2017-06-12', 'Y', '2017-06-13', 'comment'),
('INV0953', '1204030632082', '2017-06-15', 'Y', '2017-06-16', 'comment'),
('INV0954', '8012160653084', '2017-06-16', 'Y', '2017-06-16', 'comment'),
('INV0955', '5002180199088', '2017-06-18', 'Y', '2017-06-19', 'comment'),
('INV0956', '4104200140083', '2017-06-18', 'Y', '2017-06-18', 'comment'),
('INV0957', '4906270884086', '2017-06-18', 'Y', '2017-06-23', 'comment'),
('INV0958', '650402056081', '2017-06-19', 'Y', '2017-06-25', 'comment'),
('INV0959', '5507130805081', '2017-06-22', 'Y', '2017-06-28', 'comment'),
('INV0960', '6404210377085', '2017-06-22', 'Y', '2017-06-30', 'comment'),
('INV0961', '8005030611082', '2017-06-23', 'Y', '2017-06-23', 'comment'),
('INV0962', '9311100557082', '2017-06-24', 'Y', '2017-06-24', 'comment'),
('INV0963', '521023092081', '2017-06-25', 'Y', '2017-06-27', 'comment'),
('INV0964', '730823030086', '2017-07-02', 'Y', '2017-07-11', 'comment'),
('INV0965', '1412130177086', '2017-07-03', 'Y', '2017-07-09', 'comment'),
('INV0966', '6207220448088', '2017-07-03', 'Y', '2017-07-03', 'comment'),
('INV0967', '2111130577081', '2017-07-08', 'Y', '2017-07-08', 'comment'),
('INV0968', '5706200140082', '2017-07-09', 'Y', '2017-07-14', 'comment'),
('INV0969', '7704070438085', '2017-07-13', 'Y', '2017-07-13', 'comment'),
('INV0970', '6111040850088', '2017-07-18', 'Y', '2017-07-24', 'comment'),
('INV0971', '3912200408082', '2017-07-19', 'Y', '2017-07-24', 'comment'),
('INV0972', '9210160769082', '2017-07-22', 'Y', '2017-07-27', 'comment'),
('INV0973', '5505120413085', '2017-07-23', 'Y', '2017-08-01', 'comment'),
('INV0974', '8703280117084', '2017-07-25', 'Y', '2017-07-28', 'comment'),
('INV0975', '5512080417086', '2017-07-27', 'Y', '2017-07-28', 'comment'),
('INV0976', '9204240981082', '2017-07-28', 'Y', '2017-08-02', 'comment'),
('INV0977', '5706150123087', '2017-08-01', 'Y', '2017-08-11', 'comment'),
('INV0978', '580512061088', '2017-08-02', 'Y', '2017-08-12', 'comment'),
('INV0979', '8004280354084', '2017-08-04', 'Y', '2017-08-13', 'comment'),
('INV0980', '3306170196085', '2017-08-06', 'Y', '2017-08-13', 'comment'),
('INV0981', '2008190919082', '2017-08-07', 'Y', '2017-08-16', 'comment'),
('INV0982', '6507050556081', '2017-08-09', 'Y', '2017-08-15', 'comment'),
('INV0983', '3212110757087', '2017-08-11', 'Y', '2017-08-17', 'comment'),
('INV0984', '47072706087', '2017-08-12', 'Y', '2017-08-21', 'comment'),
('INV0985', '1504280313088', '2017-08-14', 'Y', '2017-08-18', 'comment'),
('INV0986', '4511070585086', '2017-08-18', 'Y', '2017-08-28', 'comment'),
('INV0987', '5209150693082', '2017-08-19', 'Y', '2017-08-23', 'comment'),
('INV0988', '7410130630081', '2017-08-20', 'Y', '2017-08-30', 'comment'),
('INV0989', '8506270616083', '2017-08-21', 'Y', '2017-08-25', 'comment'),
('INV0990', '7801120638083', '2017-08-24', 'Y', '2017-08-27', 'comment'),
('INV0991', '510523033088', '2017-08-26', 'Y', '2017-08-26', 'comment'),
('INV0992', '4003100886084', '2017-08-26', 'Y', '2017-08-28', 'comment'),
('INV0993', '9910120124085', '2017-08-26', 'Y', '2017-09-01', 'comment'),
('INV0994', '7701260528087', '2017-09-03', 'Y', '2017-09-03', 'comment'),
('INV0995', '4710160845084', '2017-09-03', 'Y', '2017-09-06', 'comment'),
('INV0996', '9701100285087', '2017-09-04', 'Y', '2017-09-06', 'comment'),
('INV0997', '2707140905083', '2017-09-05', 'Y', '2017-09-09', 'comment'),
('INV0998', '4509220879086', '2017-09-06', 'Y', '2017-09-12', 'comment'),
('INV0999', '3605090332085', '2017-09-11', 'Y', '2017-09-17', 'comment'),
('INV1000', '1003250239088', '2020-06-23', 'N', '0000-00-00', ''),
('INV1001', '1003250239088', '2020-06-24', 'N', '0000-00-00', ''),
('INV1002', '1003250239088', '2020-06-24', 'N', '0000-00-00', ''),
('INV1004', '1003250239088', '2020-06-25', 'N', '0000-00-00', ''),
('INV1005', '1003250239088', '2020-06-29', 'N', '0000-00-00', ''),
('INV1007', '1003250239088', '2020-06-30', 'N', '0000-00-00', ''),
('INV1008', '1003250239088', '2020-06-30', 'N', '0000-00-00', ''),
('INV1009', '9009155928088', '2020-06-30', 'N', '0000-00-00', ''),
('INV1010', '1003250239088', '2020-07-02', 'N', '0000-00-00', ''),
('INV1011', '1007230144085', '2020-09-28', 'N', '0000-00-00', ''),
('INV1012', '1003250239088', '2020-10-22', 'N', '0000-00-00', ''),
('INV1013', '1003250239088', '2020-10-22', 'N', '0000-00-00', ''),
('INV1014', '1003250239088', '2020-10-22', 'N', '0000-00-00', ''),
('INV1015', '1311240354085', '2020-10-22', 'N', '0000-00-00', ''),
('INV1016', '1107230618084', '2020-10-22', 'N', '0000-00-00', '');

-- --------------------------------------------------------

--
-- Table structure for table `tblinv_items`
--

CREATE TABLE `tblinv_items` (
  `inv_num` varchar(8) NOT NULL,
  `supplement_id` varchar(20) NOT NULL,
  `item_price` decimal(6,2) NOT NULL,
  `item_quantity` int(11) NOT NULL
) ENGINE=InnoDB DEFAULT CHARSET=latin1;

--
-- Dumping data for table `tblinv_items`
--

INSERT INTO `tblinv_items` (`inv_num`, `supplement_id`, `item_price`, `item_quantity`) VALUES
('INV0001', 'Supplement-197', '236.00', 3),
('INV0002', 'Supplement-172', '100.00', 3),
('INV0003', 'Supplement-104', '320.00', 5),
('INV0003', 'Supplement-18', '45.00', 4),
('INV0004', 'Supplement-32', '65.00', 1),
('INV0005', 'Supplement-70', '135.00', 2),
('INV0006', 'Supplement-24', '110.00', 4),
('INV0007', 'Supplement-125', '80.00', 2),
('INV0007', 'Supplement-187', '90.00', 2),
('INV0007', 'Supplement-241', '100.00', 2),
('INV0008', 'Supplement-145', '150.00', 3),
('INV0008', 'Supplement-22', '60.00', 2),
('INV0009', 'Supplement-181', '121.00', 5),
('INV0010', 'Supplement-197', '236.00', 4),
('INV0011', 'Supplement-172', '100.00', 5),
('INV0012', 'Supplement-132', '221.00', 3),
('INV0012', 'Supplement-159', '139.00', 1),
('INV0012', 'Supplement-177', '110.00', 1),
('INV0013', 'Supplement-225', '126.00', 2),
('INV0014', 'Supplement-86', '92.00', 3),
('INV0015', 'Supplement-84', '91.00', 3),
('INV0016', 'Supplement-137', '111.00', 3),
('INV0016', 'Supplement-182', '203.00', 1),
('INV0017', 'Supplement-214', '205.00', 4),
('INV0018', 'Supplement-32', '93.00', 5),
('INV0019', 'Supplement-201', '158.00', 1),
('INV0020', 'Supplement-31', '101.00', 2),
('INV0021', 'Supplement-156', '95.00', 1),
('INV0021', 'Supplement-18', '94.00', 1),
('INV0022', 'Supplement-92', '185.00', 5),
('INV0023', 'Supplement-141', '110.00', 4),
('INV0024', 'Supplement-223', '266.00', 3),
('INV0025', 'Supplement-85', '134.00', 5),
('INV0026', 'Supplement-107', '203.00', 4),
('INV0026', 'Supplement-127', '116.00', 5),
('INV0026', 'Supplement-241', '124.00', 3),
('INV0027', 'Supplement-226', '86.00', 4),
('INV0028', 'Supplement-44', '110.00', 5),
('INV0029', 'Supplement-30', '262.00', 1),
('INV0030', 'Supplement-101', '141.00', 1),
('INV0030', 'Supplement-104', '284.00', 1),
('INV0030', 'Supplement-139', '114.00', 5),
('INV0031', 'Supplement-136', '146.00', 3),
('INV0031', 'Supplement-219', '164.00', 5),
('INV0032', 'Supplement-122', '201.00', 2),
('INV0033', 'Supplement-146', '164.00', 3),
('INV0034', 'Supplement-204', '225.00', 5),
('INV0034', 'Supplement-219', '164.00', 4),
('INV0034', 'Supplement-97', '123.00', 2),
('INV0035', 'Supplement-53', '123.00', 2),
('INV0036', 'Supplement-51', '76.00', 4),
('INV0037', 'Supplement-166', '139.00', 5),
('INV0037', 'Supplement-18', '94.00', 4),
('INV0038', 'Supplement-159', '139.00', 2),
('INV0039', 'Supplement-10', '114.00', 5),
('INV0039', 'Supplement-185', '138.00', 3),
('INV0039', 'Supplement-69', '123.00', 5),
('INV0040', 'Supplement-194', '174.00', 2),
('INV0040', 'Supplement-29', '93.00', 1),
('INV0041', 'Supplement-64', '52.00', 4),
('INV0042', 'Supplement-141', '110.00', 5),
('INV0043', 'Supplement-175', '238.00', 4),
('INV0043', 'Supplement-25', '223.00', 4),
('INV0044', 'Supplement-145', '175.00', 2),
('INV0044', 'Supplement-182', '203.00', 3),
('INV0044', 'Supplement-20', '130.00', 5),
('INV0045', 'Supplement-146', '164.00', 3),
('INV0045', 'Supplement-205', '222.00', 2),
('INV0046', 'Supplement-47', '152.00', 3),
('INV0046', 'Supplement-94', '175.00', 3),
('INV0047', 'Supplement-44', '110.00', 5),
('INV0047', 'Supplement-8', '132.00', 3),
('INV0048', 'Supplement-103', '504.00', 1),
('INV0048', 'Supplement-243', '118.00', 5),
('INV0049', 'Supplement-168', '135.00', 3),
('INV0049', 'Supplement-176', '112.00', 2),
('INV0050', 'Supplement-174', '224.00', 3),
('INV0050', 'Supplement-203', '326.00', 5),
('INV0051', 'Supplement-1', '216.00', 3),
('INV0051', 'Supplement-157', '155.00', 1),
('INV0051', 'Supplement-42', '287.00', 2),
('INV0052', 'Supplement-162', '214.00', 1),
('INV0052', 'Supplement-178', '125.00', 1),
('INV0053', 'Supplement-160', '142.00', 1),
('INV0053', 'Supplement-94', '175.00', 1),
('INV0054', 'Supplement-158', '72.00', 2),
('INV0054', 'Supplement-237', '58.00', 4),
('INV0055', 'Supplement-121', '195.00', 2),
('INV0055', 'Supplement-45', '82.00', 2),
('INV0056', 'Supplement-14', '195.00', 5),
('INV0057', 'Supplement-117', '191.00', 4),
('INV0058', 'Supplement-235', '196.00', 4),
('INV0059', 'Supplement-184', '245.00', 2),
('INV0060', 'Supplement-160', '142.00', 4),
('INV0061', 'Supplement-32', '93.00', 4),
('INV0062', 'Supplement-216', '223.00', 5),
('INV0063', 'Supplement-30', '262.00', 1),
('INV0064', 'Supplement-124', '168.00', 4),
('INV0065', 'Supplement-241', '124.00', 5),
('INV0066', 'Supplement-151', '173.00', 3),
('INV0067', 'Supplement-119', '158.00', 2),
('INV0067', 'Supplement-29', '93.00', 1),
('INV0068', 'Supplement-125', '109.00', 3),
('INV0068', 'Supplement-167', '135.00', 1),
('INV0068', 'Supplement-173', '271.00', 1),
('INV0069', 'Supplement-125', '109.00', 3),
('INV0070', 'Supplement-209', '158.00', 2),
('INV0070', 'Supplement-94', '175.00', 3),
('INV0071', 'Supplement-37', '135.00', 2),
('INV0072', 'Supplement-10', '114.00', 5),
('INV0072', 'Supplement-138', '161.00', 3),
('INV0072', 'Supplement-89', '214.00', 5),
('INV0073', 'Supplement-189', '117.00', 5),
('INV0074', 'Supplement-46', '147.00', 3),
('INV0075', 'Supplement-183', '203.00', 5),
('INV0075', 'Supplement-232', '255.00', 5),
('INV0076', 'Supplement-141', '110.00', 2),
('INV0077', 'Supplement-80', '160.00', 3),
('INV0078', 'Supplement-62', '281.00', 3),
('INV0079', 'Supplement-114', '147.00', 2),
('INV0079', 'Supplement-190', '164.00', 1),
('INV0079', 'Supplement-57', '127.00', 1),
('INV0080', 'Supplement-131', '202.00', 1),
('INV0081', 'Supplement-39', '208.00', 4),
('INV0082', 'Supplement-100', '61.00', 2),
('INV0082', 'Supplement-59', '183.00', 5),
('INV0083', 'Supplement-58', '192.00', 4),
('INV0084', 'Supplement-5', '201.00', 2),
('INV0085', 'Supplement-106', '242.00', 1),
('INV0086', 'Supplement-17', '195.00', 3),
('INV0087', 'Supplement-119', '196.00', 5),
('INV0088', 'Supplement-219', '201.00', 5),
('INV0089', 'Supplement-10', '178.00', 4),
('INV0090', 'Supplement-105', '208.00', 1),
('INV0091', 'Supplement-29', '139.00', 3),
('INV0092', 'Supplement-88', '248.00', 1),
('INV0093', 'Supplement-224', '241.00', 3),
('INV0094', 'Supplement-57', '146.00', 5),
('INV0095', 'Supplement-30', '289.00', 2),
('INV0096', 'Supplement-187', '131.00', 5),
('INV0097', 'Supplement-8', '140.00', 4),
('INV0098', 'Supplement-214', '230.00', 2),
('INV0099', 'Supplement-108', '230.00', 2),
('INV0100', 'Supplement-136', '188.00', 2),
('INV01000', 'Supplement-27', '251.00', 5),
('INV01001', 'Supplement-111', '119.00', 4),
('INV01002', 'Supplement-76', '297.00', 5),
('INV01003', 'Supplement-232', '313.00', 5),
('INV01004', 'Supplement-12', '300.00', 1),
('INV01005', 'Supplement-170', '232.00', 5),
('INV01006', 'Supplement-142', '141.00', 2),
('INV01007', 'Supplement-176', '206.00', 5),
('INV01008', 'Supplement-191', '305.00', 4),
('INV01009', 'Supplement-178', '238.00', 5),
('INV0101', 'Supplement-94', '208.00', 1),
('INV01010', 'Supplement-68', '241.00', 4),
('INV01011', 'Supplement-107', '280.00', 4),
('INV01012', 'Supplement-129', '245.00', 4),
('INV01013', 'Supplement-22', '215.00', 3),
('INV01014', 'Supplement-130', '230.00', 1),
('INV01015', 'Supplement-108', '276.00', 5),
('INV01016', 'Supplement-75', '236.00', 5),
('INV01017', 'Supplement-33', '262.00', 2),
('INV01018', 'Supplement-79', '216.00', 1),
('INV01019', 'Supplement-29', '219.00', 3),
('INV0102', 'Supplement-204', '274.00', 4),
('INV01020', 'Supplement-119', '231.00', 2),
('INV01021', 'Supplement-178', '238.00', 4),
('INV01022', 'Supplement-200', '267.00', 2),
('INV01023', 'Supplement-79', '216.00', 5),
('INV01024', 'Supplement-236', '210.00', 1),
('INV01025', 'Supplement-228', '193.00', 3),
('INV01026', 'Supplement-35', '103.00', 2),
('INV01027', 'Supplement-71', '358.00', 1),
('INV01028', 'Supplement-166', '205.00', 4),
('INV01029', 'Supplement-162', '246.00', 3),
('INV0103', 'Supplement-52', '148.00', 5),
('INV01030', 'Supplement-1', '336.00', 4),
('INV01031', 'Supplement-123', '326.00', 3),
('INV01032', 'Supplement-241', '233.00', 4),
('INV01033', 'Supplement-13', '142.00', 1),
('INV01034', 'Supplement-1', '336.00', 4),
('INV01034', 'Supplement-91', '277.00', 5),
('INV01035', 'Supplement-38', '235.00', 5),
('INV01036', 'Supplement-125', '169.00', 4),
('INV01037', 'Supplement-234', '297.00', 5),
('INV01038', 'Supplement-199', '299.00', 4),
('INV01039', 'Supplement-80', '285.00', 3),
('INV0104', 'Supplement-112', '2667.00', 2),
('INV01040', 'Supplement-231', '359.00', 4),
('INV01041', 'Supplement-1', '336.00', 2),
('INV01042', 'Supplement-188', '158.00', 1),
('INV01043', 'Supplement-204', '349.00', 1),
('INV01044', 'Supplement-146', '255.00', 3),
('INV01045', 'Supplement-59', '244.00', 2),
('INV01046', 'Supplement-58', '253.00', 4),
('INV01047', 'Supplement-223', '366.00', 4),
('INV01048', 'Supplement-112', '2710.00', 2),
('INV01049', 'Supplement-97', '240.00', 2),
('INV0105', 'Supplement-125', '154.00', 5),
('INV01050', 'Supplement-81', '314.00', 3),
('INV01051', 'Supplement-70', '244.00', 5),
('INV01052', 'Supplement-166', '205.00', 4),
('INV01053', 'Supplement-134', '229.00', 3),
('INV01054', 'Supplement-127', '189.00', 5),
('INV01055', 'Supplement-124', '257.00', 4),
('INV01056', 'Supplement-147', '267.00', 5),
('INV01057', 'Supplement-155', '183.00', 2),
('INV01058', 'Supplement-155', '183.00', 3),
('INV01059', 'Supplement-47', '286.00', 4),
('INV0106', 'Supplement-202', '150.00', 2),
('INV01060', 'Supplement-46', '220.00', 1),
('INV01061', 'Supplement-115', '420.00', 3),
('INV01062', 'Supplement-245', '290.00', 4),
('INV01063', 'Supplement-235', '250.00', 5),
('INV01064', 'Supplement-62', '392.00', 4),
('INV01065', 'Supplement-230', '278.00', 4),
('INV01066', 'Supplement-111', '131.00', 5),
('INV01067', 'Supplement-89', '351.00', 4),
('INV01068', 'Supplement-23', '597.00', 5),
('INV01069', 'Supplement-83', '300.00', 2),
('INV0107', 'Supplement-123', '256.00', 3),
('INV01070', 'Supplement-55', '175.00', 4),
('INV01071', 'Supplement-32', '238.00', 4),
('INV01072', 'Supplement-231', '371.00', 3),
('INV01073', 'Supplement-5', '260.00', 4),
('INV01074', 'Supplement-2', '252.00', 2),
('INV01075', 'Supplement-47', '321.00', 1),
('INV01076', 'Supplement-11', '205.00', 2),
('INV01077', 'Supplement-78', '268.00', 4),
('INV01078', 'Supplement-126', '277.00', 5),
('INV01079', 'Supplement-56', '4793.00', 5),
('INV0108', 'Supplement-233', '235.00', 5),
('INV01080', 'Supplement-244', '330.00', 3),
('INV01081', 'Supplement-143', '221.00', 1),
('INV01082', 'Supplement-42', '414.00', 1),
('INV01083', 'Supplement-155', '183.00', 4),
('INV01084', 'Supplement-114', '257.00', 1),
('INV01085', 'Supplement-212', '302.00', 4),
('INV01086', 'Supplement-97', '247.00', 4),
('INV01087', 'Supplement-233', '280.00', 1),
('INV01088', 'Supplement-74', '260.00', 2),
('INV01089', 'Supplement-103', '616.00', 4),
('INV0109', 'Supplement-83', '218.00', 5),
('INV01090', 'Supplement-65', '189.00', 4),
('INV01091', 'Supplement-18', '184.00', 2),
('INV01092', 'Supplement-113', '114.00', 1),
('INV01093', 'Supplement-178', '238.00', 2),
('INV01094', 'Supplement-104', '408.00', 1),
('INV01095', 'Supplement-39', '281.00', 4),
('INV01096', 'Supplement-232', '340.00', 5),
('INV01097', 'Supplement-96', '205.00', 4),
('INV01098', 'Supplement-67', '138.00', 2),
('INV01099', 'Supplement-27', '262.00', 1),
('INV0110', 'Supplement-211', '216.00', 4),
('INV01100', 'Supplement-157', '286.00', 2),
('INV01101', 'Supplement-236', '233.00', 2),
('INV01102', 'Supplement-11', '205.00', 5),
('INV01103', 'Supplement-206', '338.00', 1),
('INV01104', 'Supplement-233', '280.00', 1),
('INV01105', 'Supplement-188', '190.00', 4),
('INV01106', 'Supplement-68', '256.00', 1),
('INV01107', 'Supplement-93', '277.00', 1),
('INV01108', 'Supplement-156', '199.00', 3),
('INV01109', 'Supplement-86', '192.00', 5),
('INV0111', 'Supplement-197', '248.00', 5),
('INV01110', 'Supplement-67', '138.00', 4),
('INV01111', 'Supplement-30', '358.00', 4),
('INV01112', 'Supplement-86', '192.00', 5),
('INV01113', 'Supplement-106', '306.00', 5),
('INV01114', 'Supplement-40', '171.00', 4),
('INV01115', 'Supplement-120', '249.00', 4),
('INV01116', 'Supplement-17', '283.00', 2),
('INV01117', 'Supplement-168', '253.00', 4),
('INV01118', 'Supplement-28', '320.00', 4),
('INV01119', 'Supplement-105', '317.00', 1),
('INV0112', 'Supplement-183', '239.00', 4),
('INV01120', 'Supplement-140', '238.00', 4),
('INV01121', 'Supplement-22', '220.00', 4),
('INV01122', 'Supplement-27', '262.00', 2),
('INV01123', 'Supplement-119', '234.00', 2),
('INV01124', 'Supplement-192', '277.00', 3),
('INV01125', 'Supplement-4', '245.00', 3),
('INV01126', 'Supplement-200', '291.00', 4),
('INV01127', 'Supplement-153', '262.00', 1),
('INV01128', 'Supplement-159', '278.00', 5),
('INV01129', 'Supplement-176', '209.00', 3),
('INV0113', 'Supplement-115', '346.00', 5),
('INV01130', 'Supplement-233', '280.00', 5),
('INV01131', 'Supplement-89', '351.00', 2),
('INV01132', 'Supplement-56', '4793.00', 2),
('INV01133', 'Supplement-119', '158.00', 2),
('INV01133', 'Supplement-29', '93.00', 1),
('INV01134', 'Supplement-157', '286.00', 1),
('INV01135', 'Supplement-92', '288.00', 4),
('INV01136', 'Supplement-55', '175.00', 4),
('INV01137', 'Supplement-102', '245.00', 5),
('INV01138', 'Supplement-183', '314.00', 3),
('INV01139', 'Supplement-119', '158.00', 2),
('INV01139', 'Supplement-236', '126.00', 2),
('INV01139', 'Supplement-29', '93.00', 1),
('INV0114', 'Supplement-220', '249.00', 1),
('INV01140', 'Supplement-107', '312.00', 2),
('INV01141', 'Supplement-3', '277.00', 4),
('INV01142', 'Supplement-135', '208.00', 1),
('INV01143', 'Supplement-100', '136.00', 1),
('INV01144', 'Supplement-119', '158.00', 2),
('INV01144', 'Supplement-29', '93.00', 1),
('INV01145', 'Supplement-119', '158.00', 2),
('INV01145', 'Supplement-29', '93.00', 1),
('INV01146', 'Supplement-26', '280.00', 4),
('INV01147', 'Supplement-240', '198.00', 3),
('INV01148', 'Supplement-127', '216.00', 2),
('INV01149', 'Supplement-3', '277.00', 5),
('INV0115', 'Supplement-245', '224.00', 3),
('INV01150', 'Supplement-76', '327.00', 5),
('INV01151', 'Supplement-39', '281.00', 4),
('INV01152', 'Supplement-77', '239.00', 3),
('INV01153', 'Supplement-36', '290.00', 4),
('INV01154', 'Supplement-19', '156.00', 4),
('INV01155', 'Supplement-72', '268.00', 5),
('INV01156', 'Supplement-231', '371.00', 3),
('INV01157', 'Supplement-61', '273.00', 1),
('INV01158', 'Supplement-67', '138.00', 4),
('INV01159', 'Supplement-193', '258.00', 1),
('INV0116', 'Supplement-118', '120.00', 4),
('INV01160', 'Supplement-51', '178.00', 4),
('INV01161', 'Supplement-198', '256.00', 3),
('INV01162', 'Supplement-227', '334.00', 4),
('INV01163', 'Supplement-16', '269.00', 1),
('INV01164', 'Supplement-114', '257.00', 5),
('INV01165', 'Supplement-45', '168.00', 1),
('INV01166', 'Supplement-95', '246.00', 2),
('INV01167', 'Supplement-100', '136.00', 2),
('INV01168', 'Supplement-7', '284.00', 5),
('INV01169', 'Supplement-85', '254.00', 3),
('INV0117', 'Supplement-211', '216.00', 2),
('INV01170', 'Supplement-60', '264.00', 4),
('INV01171', 'Supplement-151', '269.00', 4),
('INV01172', 'Supplement-76', '327.00', 3),
('INV01173', 'Supplement-119', '234.00', 1),
('INV01174', 'Supplement-227', '334.00', 4),
('INV01175', 'Supplement-166', '223.00', 1),
('INV01176', 'Supplement-70', '245.00', 1),
('INV01177', 'Supplement-35', '132.00', 1),
('INV01178', 'Supplement-44', '245.00', 2),
('INV01179', 'Supplement-199', '315.00', 3),
('INV0118', 'Supplement-119', '158.00', 2),
('INV0118', 'Supplement-29', '93.00', 1),
('INV01180', 'Supplement-99', '222.00', 3),
('INV01181', 'Supplement-55', '175.00', 1),
('INV01182', 'Supplement-197', '303.00', 2),
('INV01183', 'Supplement-237', '205.00', 2),
('INV01184', 'Supplement-12', '304.00', 3),
('INV01185', 'Supplement-129', '279.00', 5),
('INV01186', 'Supplement-242', '306.00', 2),
('INV01187', 'Supplement-13', '151.00', 1),
('INV01188', 'Supplement-65', '189.00', 3),
('INV01189', 'Supplement-78', '268.00', 5),
('INV0119', 'Supplement-', '0.00', 0),
('INV01190', 'Supplement-130', '234.00', 3),
('INV01191', 'Supplement-47', '321.00', 5),
('INV01192', 'Supplement-239', '322.00', 3),
('INV01193', 'Supplement-172', '223.00', 1),
('INV01194', 'Supplement-215', '297.00', 5),
('INV01195', 'Supplement-11', '205.00', 1),
('INV01196', 'Supplement-197', '303.00', 3),
('INV01197', 'Supplement-36', '290.00', 3),
('INV01198', 'Supplement-181', '239.00', 4),
('INV01199', 'Supplement-236', '126.00', 2),
('INV01199', 'Supplement-95', '246.00', 5),
('INV0120', 'Supplement-127', '164.00', 5),
('INV0120', 'Supplement-133', '201.00', 1),
('INV01200', 'Supplement-25', '329.00', 2),
('INV01201', 'Supplement-62', '397.00', 1),
('INV01202', 'Supplement-44', '245.00', 3),
('INV01203', 'Supplement-222', '333.00', 1),
('INV01203', 'Supplement-236', '126.00', 2),
('INV01204', 'Supplement-193', '258.00', 2),
('INV01205', 'Supplement-52', '217.00', 3),
('INV01206', 'Supplement-161', '257.00', 2),
('INV01206', 'Supplement-236', '126.00', 2),
('INV01207', 'Supplement-121', '297.00', 1),
('INV01208', 'Supplement-186', '270.00', 2),
('INV01209', 'Supplement-46', '232.00', 4),
('INV0121', 'Supplement-119', '158.00', 2),
('INV0121', 'Supplement-29', '93.00', 1),
('INV01210', 'Supplement-41', '196.00', 2),
('INV01211', 'Supplement-201', '302.00', 5),
('INV01212', 'Supplement-199', '315.00', 2),
('INV01213', 'Supplement-39', '281.00', 3),
('INV01214', 'Supplement-49', '260.00', 4),
('INV01215', 'Supplement-214', '257.00', 4),
('INV01216', 'Supplement-192', '277.00', 1),
('INV01217', 'Supplement-30', '358.00', 2),
('INV01218', 'Supplement-158', '197.00', 4),
('INV01218', 'Supplement-236', '126.00', 2),
('INV01219', 'Supplement-14', '323.00', 3),
('INV0122', 'Supplement-', '0.00', 0),
('INV01220', 'Supplement-132', '318.00', 2),
('INV01221', 'Supplement-219', '255.00', 1),
('INV01222', 'Supplement-236', '126.00', 2),
('INV01222', 'Supplement-38', '237.00', 3),
('INV01223', 'Supplement-231', '371.00', 3),
('INV01224', 'Supplement-176', '209.00', 1),
('INV01225', 'Supplement-112', '2745.00', 2),
('INV01225', 'Supplement-236', '126.00', 2),
('INV01226', 'Supplement-99', '222.00', 3),
('INV01227', 'Supplement-30', '358.00', 2),
('INV01228', 'Supplement-225', '219.00', 4),
('INV01229', 'Supplement-162', '276.00', 5),
('INV01229', 'Supplement-236', '126.00', 2),
('INV0123', 'Supplement-', '0.00', 0),
('INV01230', 'Supplement-170', '250.00', 1),
('INV01231', 'Supplement-137', '232.00', 2),
('INV01232', 'Supplement-98', '244.00', 4),
('INV01233', 'Supplement-107', '312.00', 3),
('INV01234', 'Supplement-70', '245.00', 4),
('INV01235', 'Supplement-218', '254.00', 3),
('INV01236', 'Supplement-63', '169.00', 1),
('INV01237', 'Supplement-112', '2745.00', 5),
('INV01238', 'Supplement-215', '297.00', 1),
('INV01239', 'Supplement-96', '205.00', 1),
('INV0124', 'Supplement-20', '148.00', 5),
('INV01240', 'Supplement-4', '245.00', 5),
('INV01241', 'Supplement-190', '292.00', 1),
('INV01242', 'Supplement-236', '126.00', 2),
('INV01242', 'Supplement-26', '280.00', 5),
('INV01243', 'Supplement-145', '251.00', 3),
('INV01244', 'Supplement-207', '608.00', 5),
('INV01245', 'Supplement-146', '270.00', 3),
('INV01246', 'Supplement-39', '281.00', 2),
('INV01247', 'Supplement-221', '258.00', 4),
('INV01248', 'Supplement-166', '223.00', 5),
('INV01248', 'Supplement-236', '126.00', 2),
('INV01249', 'Supplement-151', '269.00', 3),
('INV0125', 'Supplement-198', '179.00', 5),
('INV01250', 'Supplement-45', '168.00', 5),
('INV01251', 'Supplement-123', '339.00', 1),
('INV01251', 'Supplement-236', '126.00', 2),
('INV01252', 'Supplement-34', '275.00', 3),
('INV01253', 'Supplement-183', '314.00', 1),
('INV01254', 'Supplement-137', '232.00', 2),
('INV01255', 'Supplement-225', '219.00', 4),
('INV01256', 'Supplement-243', '173.00', 5),
('INV01257', 'Supplement-112', '2745.00', 4),
('INV01258', 'Supplement-207', '608.00', 3),
('INV01259', 'Supplement-19', '156.00', 5),
('INV0126', 'Supplement-36', '182.00', 5),
('INV0126', 'Supplement-60', '208.00', 5),
('INV01260', 'Supplement-222', '333.00', 3),
('INV01261', 'Supplement-60', '264.00', 4),
('INV01262', 'Supplement-141', '253.00', 3),
('INV01263', 'Supplement-193', '258.00', 1),
('INV01263', 'Supplement-236', '126.00', 2),
('INV01264', 'Supplement-183', '314.00', 1),
('INV01265', 'Supplement-233', '280.00', 3),
('INV01266', 'Supplement-241', '249.00', 1),
('INV01267', 'Supplement-196', '356.00', 2),
('INV01268', 'Supplement-20', '232.00', 4),
('INV01269', 'Supplement-235', '268.00', 5),
('INV0127', 'Supplement-160', '189.00', 3),
('INV01270', 'Supplement-25', '329.00', 2),
('INV01271', 'Supplement-122', '289.00', 1),
('INV01272', 'Supplement-14', '323.00', 3),
('INV01273', 'Supplement-51', '178.00', 3),
('INV01274', 'Supplement-35', '132.00', 3),
('INV01275', 'Supplement-236', '126.00', 2),
('INV01275', 'Supplement-70', '245.00', 2),
('INV01276', 'Supplement-203', '413.00', 2),
('INV01277', 'Supplement-120', '249.00', 2),
('INV01278', 'Supplement-173', '332.00', 3),
('INV01279', 'Supplement-75', '239.00', 2),
('INV0128', 'Supplement-226', '98.00', 5),
('INV01280', 'Supplement-61', '273.00', 2),
('INV01281', 'Supplement-162', '276.00', 3),
('INV01281', 'Supplement-236', '126.00', 2),
('INV01282', 'Supplement-138', '325.00', 1),
('INV01283', 'Supplement-242', '306.00', 2),
('INV01284', 'Supplement-156', '199.00', 2),
('INV01285', 'Supplement-192', '277.00', 2),
('INV01286', 'Supplement-196', '356.00', 2),
('INV01287', 'Supplement-203', '413.00', 2),
('INV01288', 'Supplement-207', '608.00', 4),
('INV01289', 'Supplement-192', '277.00', 2),
('INV0129', 'Supplement-242', '221.00', 5),
('INV01290', 'Supplement-118', '207.00', 3),
('INV01290', 'Supplement-236', '126.00', 2),
('INV01291', 'Supplement-114', '257.00', 1),
('INV01291', 'Supplement-236', '126.00', 2),
('INV01292', 'Supplement-21', '316.00', 5),
('INV01293', 'Supplement-7', '284.00', 2),
('INV01294', 'Supplement-18', '184.00', 4),
('INV01295', 'Supplement-127', '216.00', 5),
('INV01296', 'Supplement-9', '357.00', 2),
('INV01297', 'Supplement-175', '332.00', 2),
('INV01298', 'Supplement-88', '314.00', 4),
('INV01299', 'Supplement-243', '173.00', 3),
('INV0130', 'Supplement-45', '83.00', 4),
('INV01300', 'Supplement-52', '217.00', 5),
('INV01301', 'Supplement-91', '277.00', 2),
('INV01302', 'Supplement-243', '173.00', 2),
('INV01303', 'Supplement-47', '321.00', 4),
('INV01304', 'Supplement-44', '245.00', 4),
('INV01305', 'Supplement-107', '312.00', 2),
('INV01306', 'Supplement-75', '239.00', 2),
('INV01307', 'Supplement-104', '408.00', 2),
('INV01308', 'Supplement-178', '238.00', 5),
('INV01309', 'Supplement-11', '205.00', 4),
('INV0131', 'Supplement-180', '167.00', 2),
('INV01310', 'Supplement-145', '251.00', 3),
('INV01311', 'Supplement-236', '126.00', 2),
('INV01311', 'Supplement-25', '329.00', 3),
('INV01312', 'Supplement-107', '312.00', 4),
('INV01312', 'Supplement-236', '126.00', 2),
('INV01313', 'Supplement-203', '413.00', 1),
('INV01314', 'Supplement-204', '367.00', 3),
('INV01315', 'Supplement-159', '278.00', 1),
('INV01316', 'Supplement-236', '126.00', 2),
('INV01316', 'Supplement-96', '205.00', 3),
('INV01317', 'Supplement-202', '238.00', 1),
('INV01318', 'Supplement-116', '254.00', 3),
('INV01319', 'Supplement-221', '258.00', 4),
('INV01319', 'Supplement-236', '126.00', 2),
('INV0132', 'Supplement-46', '189.00', 1),
('INV01320', 'Supplement-127', '216.00', 5),
('INV01321', 'Supplement-185', '226.00', 1),
('INV01322', 'Supplement-59', '246.00', 5),
('INV01323', 'Supplement-90', '212.00', 3),
('INV01324', 'Supplement-141', '253.00', 3),
('INV01324', 'Supplement-236', '126.00', 2),
('INV01325', 'Supplement-72', '268.00', 1),
('INV01326', 'Supplement-55', '175.00', 5),
('INV01327', 'Supplement-217', '380.00', 4),
('INV01328', 'Supplement-28', '320.00', 1),
('INV01329', 'Supplement-100', '136.00', 2),
('INV0133', 'Supplement-222', '283.00', 2),
('INV0133', 'Supplement-97', '173.00', 5),
('INV01330', 'Supplement-112', '2745.00', 5),
('INV01331', 'Supplement-136', '263.00', 1),
('INV01332', 'Supplement-105', '317.00', 1),
('INV01333', 'Supplement-110', '252.00', 2),
('INV01334', 'Supplement-27', '262.00', 1),
('INV01335', 'Supplement-58', '257.00', 5),
('INV01336', 'Supplement-90', '212.00', 2),
('INV01337', 'Supplement-231', '371.00', 3),
('INV01338', 'Supplement-12', '304.00', 5),
('INV01339', 'Supplement-171', '428.00', 3),
('INV0134', 'Supplement-116', '165.00', 2),
('INV01340', 'Supplement-108', '311.00', 3),
('INV01341', 'Supplement-194', '258.00', 1),
('INV01342', 'Supplement-190', '292.00', 4),
('INV01343', 'Supplement-112', '2745.00', 3),
('INV01344', 'Supplement-29', '232.00', 4),
('INV01345', 'Supplement-125', '185.00', 2),
('INV01346', 'Supplement-170', '250.00', 3),
('INV01347', 'Supplement-42', '414.00', 4),
('INV01348', 'Supplement-148', '241.00', 4),
('INV01349', 'Supplement-239', '322.00', 2),
('INV0135', 'Supplement-78', '223.00', 4),
('INV01350', 'Supplement-175', '332.00', 1),
('INV01350', 'Supplement-236', '126.00', 2),
('INV01351', 'Supplement-39', '281.00', 1),
('INV01352', 'Supplement-236', '233.00', 5),
('INV01353', 'Supplement-134', '231.00', 3),
('INV01354', 'Supplement-86', '192.00', 1),
('INV01355', 'Supplement-152', '278.00', 2),
('INV01355', 'Supplement-236', '126.00', 2),
('INV01356', 'Supplement-34', '275.00', 1),
('INV01357', 'Supplement-69', '218.00', 2),
('INV01358', 'Supplement-9', '357.00', 4),
('INV01359', 'Supplement-135', '208.00', 3),
('INV0136', 'Supplement-100', '61.00', 1),
('INV01360', 'Supplement-146', '270.00', 4),
('INV01361', 'Supplement-124', '280.00', 1),
('INV01362', 'Supplement-26', '280.00', 5),
('INV01363', 'Supplement-93', '277.00', 1),
('INV01364', 'Supplement-242', '306.00', 2),
('INV01365', 'Supplement-119', '234.00', 5),
('INV01366', 'Supplement-135', '208.00', 1),
('INV01367', 'Supplement-172', '223.00', 3),
('INV01368', 'Supplement-108', '311.00', 3),
('INV01368', 'Supplement-236', '126.00', 2),
('INV01369', 'Supplement-239', '322.00', 3),
('INV0137', 'Supplement-171', '357.00', 2),
('INV01370', 'Supplement-24', '265.00', 3),
('INV01371', 'Supplement-28', '320.00', 2),
('INV01372', 'Supplement-236', '126.00', 2),
('INV01372', 'Supplement-43', '218.00', 1),
('INV01373', 'Supplement-47', '321.00', 1),
('INV01374', 'Supplement-19', '156.00', 1),
('INV01375', 'Supplement-149', '279.00', 2),
('INV01376', 'Supplement-229', '188.00', 1),
('INV01377', 'Supplement-196', '356.00', 4),
('INV01377', 'Supplement-236', '126.00', 2),
('INV01378', 'Supplement-129', '279.00', 3),
('INV01379', 'Supplement-201', '302.00', 2),
('INV0138', 'Supplement-180', '167.00', 4),
('INV01380', 'Supplement-14', '323.00', 1),
('INV01381', 'Supplement-245', '306.00', 3),
('INV01382', 'Supplement-195', '300.00', 5),
('INV01383', 'Supplement-119', '234.00', 3),
('INV01384', 'Supplement-101', '281.00', 4),
('INV01385', 'Supplement-239', '322.00', 1),
('INV01386', 'Supplement-75', '239.00', 3),
('INV01387', 'Supplement-38', '237.00', 4),
('INV01388', 'Supplement-13', '151.00', 1),
('INV01389', 'Supplement-202', '238.00', 1),
('INV0139', 'Supplement-114', '186.00', 3),
('INV0139', 'Supplement-5', '201.00', 1),
('INV01390', 'Supplement-190', '292.00', 4),
('INV01391', 'Supplement-93', '277.00', 2),
('INV01392', 'Supplement-175', '332.00', 4),
('INV01393', 'Supplement-210', '201.00', 1),
('INV01394', 'Supplement-143', '221.00', 2),
('INV01395', 'Supplement-134', '231.00', 2),
('INV01395', 'Supplement-236', '126.00', 2),
('INV01396', 'Supplement-86', '192.00', 2),
('INV01397', 'Supplement-237', '205.00', 2),
('INV01398', 'Supplement-130', '234.00', 5),
('INV01398', 'Supplement-236', '126.00', 2),
('INV01399', 'Supplement-164', '317.00', 5),
('INV0140', 'Supplement-173', '288.00', 4),
('INV01400', 'Supplement-116', '254.00', 1),
('INV01401', 'Supplement-2', '252.00', 1),
('INV01402', 'Supplement-182', '306.00', 2),
('INV01403', 'Supplement-226', '145.00', 5),
('INV01404', 'Supplement-220', '326.00', 5),
('INV01405', 'Supplement-141', '253.00', 3),
('INV01406', 'Supplement-165', '327.00', 2),
('INV01407', 'Supplement-176', '209.00', 5),
('INV01408', 'Supplement-245', '306.00', 3),
('INV01409', 'Supplement-39', '281.00', 2),
('INV0141', 'Supplement-193', '193.00', 5),
('INV01410', 'Supplement-49', '260.00', 1),
('INV01411', 'Supplement-150', '400.00', 5),
('INV01412', 'Supplement-228', '215.00', 1),
('INV01413', 'Supplement-11', '205.00', 2),
('INV01414', 'Supplement-68', '256.00', 4),
('INV01415', 'Supplement-210', '201.00', 1),
('INV01416', 'Supplement-153', '262.00', 4),
('INV01417', 'Supplement-25', '329.00', 1),
('INV01418', 'Supplement-163', '197.00', 5),
('INV01419', 'Supplement-236', '126.00', 2),
('INV01419', 'Supplement-78', '268.00', 4),
('INV0142', 'Supplement-167', '184.00', 2),
('INV0142', 'Supplement-179', '226.00', 2),
('INV0142', 'Supplement-228', '154.00', 4),
('INV01420', 'Supplement-78', '268.00', 3),
('INV01421', 'Supplement-206', '338.00', 1),
('INV01422', 'Supplement-58', '257.00', 4),
('INV01423', 'Supplement-58', '257.00', 4),
('INV01424', 'Supplement-163', '197.00', 5),
('INV01425', 'Supplement-22', '220.00', 5),
('INV01426', 'Supplement-225', '219.00', 5),
('INV01427', 'Supplement-112', '2745.00', 2),
('INV01428', 'Supplement-127', '216.00', 3),
('INV01429', 'Supplement-141', '253.00', 3),
('INV0143', 'Supplement-206', '241.00', 2),
('INV01430', 'Supplement-33', '266.00', 1),
('INV01431', 'Supplement-169', '268.00', 2),
('INV01432', 'Supplement-149', '279.00', 3),
('INV01433', 'Supplement-24', '265.00', 5),
('INV01434', 'Supplement-136', '263.00', 2),
('INV01435', 'Supplement-50', '335.00', 2),
('INV01436', 'Supplement-136', '263.00', 3),
('INV01437', 'Supplement-236', '126.00', 2),
('INV01437', 'Supplement-64', '179.00', 5),
('INV01438', 'Supplement-136', '263.00', 3),
('INV01439', 'Supplement-163', '197.00', 4),
('INV0144', 'Supplement-145', '218.00', 4),
('INV01440', 'Supplement-83', '300.00', 3),
('INV01441', 'Supplement-240', '198.00', 5),
('INV01442', 'Supplement-117', '277.00', 4),
('INV01443', 'Supplement-88', '314.00', 3),
('INV01444', 'Supplement-127', '216.00', 3),
('INV01445', 'Supplement-22', '220.00', 1),
('INV01446', 'Supplement-169', '268.00', 3),
('INV01447', 'Supplement-200', '291.00', 3),
('INV01448', 'Supplement-131', '303.00', 2),
('INV01449', 'Supplement-69', '218.00', 2),
('INV0145', 'Supplement-40', '103.00', 3),
('INV01450', 'Supplement-7', '284.00', 1),
('INV01451', 'Supplement-18', '184.00', 2),
('INV01452', 'Supplement-192', '277.00', 1),
('INV01453', 'Supplement-91', '277.00', 3),
('INV01454', 'Supplement-168', '253.00', 5),
('INV01455', 'Supplement-13', '170.00', 5),
('INV01456', 'Supplement-56', '4825.00', 1),
('INV01457', 'Supplement-142', '178.00', 5),
('INV01458', 'Supplement-229', '218.00', 3),
('INV01459', 'Supplement-195', '328.00', 2),
('INV0146', 'Supplement-8', '140.00', 1),
('INV01460', 'Supplement-243', '195.00', 2),
('INV01461', 'Supplement-76', '353.00', 4),
('INV01462', 'Supplement-244', '360.00', 4),
('INV01463', 'Supplement-100', '145.00', 5),
('INV01463', 'Supplement-211', '280.00', 3),
('INV01464', 'Supplement-46', '238.00', 2),
('INV01465', 'Supplement-18', '214.00', 3),
('INV01466', 'Supplement-3', '282.00', 4),
('INV01467', 'Supplement-244', '360.00', 1),
('INV01468', 'Supplement-226', '150.00', 3),
('INV01469', 'Supplement-232', '361.00', 3),
('INV0147', 'Supplement-42', '322.00', 3),
('INV01470', 'Supplement-35', '159.00', 1),
('INV01471', 'Supplement-60', '270.00', 4),
('INV01472', 'Supplement-22', '225.00', 3),
('INV01473', 'Supplement-29', '264.00', 1),
('INV01474', 'Supplement-243', '195.00', 3),
('INV01475', 'Supplement-156', '229.00', 3),
('INV01476', 'Supplement-23', '610.00', 3),
('INV01477', 'Supplement-187', '231.00', 5),
('INV01478', 'Supplement-186', '301.00', 5),
('INV01479', 'Supplement-41', '226.00', 1),
('INV0148', 'Supplement-75', '174.00', 3),
('INV01480', 'Supplement-34', '292.00', 3),
('INV01481', 'Supplement-52', '219.00', 3),
('INV01482', 'Supplement-110', '282.00', 2),
('INV01483', 'Supplement-112', '2761.00', 3),
('INV01484', 'Supplement-192', '304.00', 5),
('INV01485', 'Supplement-54', '297.00', 1),
('INV01486', 'Supplement-27', '263.00', 4),
('INV01487', 'Supplement-140', '263.00', 4),
('INV01488', 'Supplement-236', '126.00', 2),
('INV01488', 'Supplement-90', '221.00', 5),
('INV01489', 'Supplement-46', '238.00', 4),
('INV0149', 'Supplement-11', '155.00', 5),
('INV0149', 'Supplement-216', '256.00', 5),
('INV01490', 'Supplement-1', '386.00', 1),
('INV01491', 'Supplement-219', '275.00', 1),
('INV01492', 'Supplement-103', '632.00', 2),
('INV01492', 'Supplement-236', '126.00', 2),
('INV01493', 'Supplement-53', '233.00', 4),
('INV01494', 'Supplement-130', '252.00', 3),
('INV01495', 'Supplement-19', '161.00', 2),
('INV01496', 'Supplement-237', '212.00', 1),
('INV01497', 'Supplement-243', '195.00', 2),
('INV01498', 'Supplement-115', '432.00', 1),
('INV01499', 'Supplement-140', '263.00', 1),
('INV0150', 'Supplement-192', '217.00', 1),
('INV01500', 'Supplement-171', '455.00', 5),
('INV01501', 'Supplement-232', '361.00', 1),
('INV01502', 'Supplement-112', '2761.00', 3),
('INV01503', 'Supplement-118', '230.00', 5),
('INV01504', 'Supplement-46', '238.00', 4),
('INV01505', 'Supplement-148', '275.00', 4),
('INV01506', 'Supplement-63', '203.00', 5),
('INV01507', 'Supplement-94', '276.00', 1),
('INV01508', 'Supplement-98', '257.00', 1),
('INV01509', 'Supplement-174', '378.00', 1),
('INV0151', 'Supplement-121', '217.00', 4),
('INV01510', 'Supplement-232', '361.00', 3),
('INV01511', 'Supplement-10', '283.00', 1),
('INV01512', 'Supplement-145', '278.00', 5),
('INV01513', 'Supplement-134', '261.00', 5),
('INV01514', 'Supplement-67', '158.00', 3),
('INV01515', 'Supplement-124', '305.00', 2),
('INV01516', 'Supplement-236', '126.00', 2),
('INV01516', 'Supplement-85', '284.00', 5),
('INV01517', 'Supplement-163', '216.00', 3),
('INV01518', 'Supplement-61', '281.00', 5),
('INV01519', 'Supplement-173', '362.00', 3),
('INV0152', 'Supplement-223', '309.00', 3),
('INV01520', 'Supplement-238', '260.00', 1),
('INV01521', 'Supplement-190', '323.00', 2),
('INV01521', 'Supplement-90', '221.00', 2),
('INV01522', 'Supplement-91', '277.00', 2),
('INV01523', 'Supplement-10', '283.00', 5),
('INV01523', 'Supplement-192', '304.00', 1),
('INV01524', 'Supplement-228', '244.00', 4),
('INV01524', 'Supplement-242', '326.00', 1),
('INV01525', 'Supplement-84', '201.00', 3),
('INV01526', 'Supplement-200', '305.00', 4),
('INV01527', 'Supplement-28', '329.00', 1),
('INV01528', 'Supplement-138', '328.00', 1),
('INV01528', 'Supplement-86', '226.00', 2),
('INV01529', 'Supplement-152', '301.00', 4),
('INV01529', 'Supplement-183', '318.00', 3),
('INV0153', 'Supplement-38', '183.00', 1),
('INV01530', 'Supplement-210', '234.00', 5),
('INV01531', 'Supplement-100', '145.00', 2),
('INV01531', 'Supplement-205', '325.00', 4),
('INV01532', 'Supplement-93', '311.00', 1),
('INV01533', 'Supplement-180', '229.00', 2),
('INV01533', 'Supplement-50', '366.00', 2),
('INV01534', 'Supplement-15', '391.00', 3),
('INV01535', 'Supplement-215', '307.00', 4),
('INV01536', 'Supplement-213', '279.00', 4),
('INV01536', 'Supplement-240', '204.00', 5),
('INV01537', 'Supplement-79', '236.00', 5),
('INV01538', 'Supplement-1', '386.00', 1),
('INV01538', 'Supplement-206', '356.00', 3),
('INV01538', 'Supplement-91', '277.00', 4),
('INV01539', 'Supplement-75', '264.00', 4),
('INV0154', 'Supplement-100', '61.00', 4),
('INV0154', 'Supplement-24', '175.00', 4),
('INV01540', 'Supplement-239', '337.00', 4),
('INV01541', 'Supplement-62', '400.00', 4),
('INV01542', 'Supplement-8', '234.00', 1),
('INV01543', 'Supplement-19', '161.00', 2),
('INV01543', 'Supplement-39', '304.00', 4),
('INV01543', 'Supplement-81', '367.00', 4),
('INV01544', 'Supplement-131', '332.00', 3),
('INV01545', 'Supplement-209', '245.00', 4),
('INV01546', 'Supplement-196', '360.00', 4),
('INV01547', 'Supplement-62', '400.00', 1),
('INV01548', 'Supplement-147', '300.00', 4),
('INV01548', 'Supplement-171', '455.00', 5),
('INV01548', 'Supplement-186', '301.00', 5),
('INV01549', 'Supplement-117', '285.00', 5),
('INV01549', 'Supplement-232', '361.00', 1),
('INV01549', 'Supplement-41', '226.00', 1),
('INV0155', 'Supplement-193', '193.00', 2),
('INV01550', 'Supplement-112', '2761.00', 3),
('INV01550', 'Supplement-174', '378.00', 3),
('INV01550', 'Supplement-34', '292.00', 3),
('INV01551', 'Supplement-118', '230.00', 5),
('INV01551', 'Supplement-52', '219.00', 3),
('INV01551', 'Supplement-71', '368.00', 4),
('INV01552', 'Supplement-13', '170.00', 2),
('INV01553', 'Supplement-112', '2761.00', 3),
('INV01553', 'Supplement-39', '304.00', 1),
('INV01554', 'Supplement-192', '304.00', 5),
('INV01554', 'Supplement-237', '212.00', 4),
('INV01555', 'Supplement-100', '145.00', 5),
('INV01555', 'Supplement-4', '268.00', 1),
('INV01555', 'Supplement-54', '297.00', 1),
('INV01556', 'Supplement-242', '326.00', 5),
('INV01556', 'Supplement-27', '263.00', 4),
('INV01557', 'Supplement-140', '263.00', 4),
('INV01557', 'Supplement-207', '629.00', 3),
('INV01558', 'Supplement-62', '400.00', 4),
('INV01558', 'Supplement-90', '221.00', 5),
('INV01559', 'Supplement-93', '311.00', 3),
('INV0156', 'Supplement-89', '271.00', 1),
('INV01560', 'Supplement-49', '294.00', 3),
('INV01561', 'Supplement-138', '328.00', 4),
('INV01561', 'Supplement-219', '275.00', 1),
('INV01562', 'Supplement-102', '251.00', 4),
('INV01562', 'Supplement-103', '632.00', 2),
('INV01563', 'Supplement-53', '233.00', 4),
('INV01563', 'Supplement-56', '4825.00', 2),
('INV01564', 'Supplement-130', '252.00', 3),
('INV01564', 'Supplement-7', '286.00', 1),
('INV01565', 'Supplement-19', '161.00', 2),
('INV01565', 'Supplement-235', '269.00', 5),
('INV01566', 'Supplement-131', '332.00', 2),
('INV01567', 'Supplement-1', '386.00', 1),
('INV01567', 'Supplement-237', '212.00', 3),
('INV01568', 'Supplement-136', '275.00', 2),
('INV01569', 'Supplement-114', '271.00', 4),
('INV01569', 'Supplement-237', '212.00', 1),
('INV0157', 'Supplement-61', '195.00', 1),
('INV01570', 'Supplement-81', '367.00', 3),
('INV01571', 'Supplement-179', '340.00', 2),
('INV01572', 'Supplement-212', '320.00', 2),
('INV01572', 'Supplement-240', '204.00', 5),
('INV01573', 'Supplement-161', '266.00', 4),
('INV01573', 'Supplement-79', '236.00', 5),
('INV01574', 'Supplement-206', '356.00', 3),
('INV01574', 'Supplement-231', '388.00', 5),
('INV01575', 'Supplement-133', '307.00', 4),
('INV01576', 'Supplement-149', '288.00', 3),
('INV01576', 'Supplement-239', '337.00', 4),
('INV01577', 'Supplement-131', '332.00', 3),
('INV01577', 'Supplement-62', '400.00', 4),
('INV01578', 'Supplement-179', '340.00', 3),
('INV01578', 'Supplement-8', '234.00', 1),
('INV01579', 'Supplement-104', '438.00', 1),
('INV0158', 'Supplement-40', '103.00', 4),
('INV01580', 'Supplement-131', '332.00', 3),
('INV01580', 'Supplement-156', '229.00', 2),
('INV01581', 'Supplement-209', '245.00', 4),
('INV01581', 'Supplement-21', '329.00', 3),
('INV01582', 'Supplement-107', '343.00', 5),
('INV01582', 'Supplement-196', '360.00', 4),
('INV01583', 'Supplement-36', '295.00', 5),
('INV01583', 'Supplement-62', '400.00', 1),
('INV01584', 'Supplement-202', '269.00', 1),
('INV01585', 'Supplement-117', '285.00', 5),
('INV01585', 'Supplement-214', '263.00', 3),
('INV01586', 'Supplement-174', '378.00', 3),
('INV01586', 'Supplement-78', '294.00', 5),
('INV01587', 'Supplement-147', '300.00', 4),
('INV01587', 'Supplement-71', '368.00', 4),
('INV01587', 'Supplement-87', '186.00', 5),
('INV01588', 'Supplement-214', '263.00', 3),
('INV01589', 'Supplement-179', '340.00', 5),
('INV0159', 'Supplement-109', '175.00', 1),
('INV0160', 'Supplement-64', '87.00', 1),
('INV0161', 'Supplement-107', '248.00', 2),
('INV0161', 'Supplement-49', '174.00', 3),
('INV0162', 'Supplement-157', '203.00', 5),
('INV0163', 'Supplement-187', '131.00', 5),
('INV0164', 'Supplement-208', '200.00', 4),
('INV0165', 'Supplement-89', '271.00', 2),
('INV0166', 'Supplement-114', '186.00', 3),
('INV0166', 'Supplement-80', '209.00', 5),
('INV0167', 'Supplement-159', '184.00', 1),
('INV0168', 'Supplement-88', '248.00', 2),
('INV0169', 'Supplement-32', '141.00', 2),
('INV0170', 'Supplement-19', '110.00', 5),
('INV0170', 'Supplement-40', '103.00', 1),
('INV0171', 'Supplement-91', '245.00', 4),
('INV0172', 'Supplement-67', '92.00', 3),
('INV0173', 'Supplement-233', '235.00', 1),
('INV0174', 'Supplement-139', '143.00', 1),
('INV0175', 'Supplement-150', '319.00', 5),
('INV0175', 'Supplement-40', '103.00', 4),
('INV0176', 'Supplement-208', '200.00', 2),
('INV0177', 'Supplement-117', '206.00', 5),
('INV0178', 'Supplement-224', '241.00', 5),
('INV0179', 'Supplement-164', '218.00', 1),
('INV0180', 'Supplement-123', '256.00', 3),
('INV0180', 'Supplement-224', '241.00', 4),
('INV0180', 'Supplement-89', '271.00', 5),
('INV0181', 'Supplement-153', '188.00', 5),
('INV0181', 'Supplement-164', '218.00', 1),
('INV0182', 'Supplement-144', '157.00', 2),
('INV0183', 'Supplement-54', '167.00', 5),
('INV0184', 'Supplement-179', '226.00', 3),
('INV0184', 'Supplement-50', '263.00', 4),
('INV0185', 'Supplement-47', '199.00', 5),
('INV0186', 'Supplement-239', '270.00', 2),
('INV0187', 'Supplement-95', '180.00', 3),
('INV0188', 'Supplement-172', '146.00', 5),
('INV0189', 'Supplement-143', '167.00', 1),
('INV0190', 'Supplement-27', '189.00', 1),
('INV0191', 'Supplement-122', '234.00', 5),
('INV0191', 'Supplement-139', '143.00', 3),
('INV0192', 'Supplement-6', '228.00', 5),
('INV0193', 'Supplement-195', '246.00', 3),
('INV0193', 'Supplement-197', '248.00', 1),
('INV0193', 'Supplement-225', '152.00', 5),
('INV0194', 'Supplement-41', '119.00', 4),
('INV0195', 'Supplement-117', '206.00', 4),
('INV0196', 'Supplement-97', '173.00', 3),
('INV0197', 'Supplement-46', '189.00', 3),
('INV0198', 'Supplement-32', '141.00', 2),
('INV0198', 'Supplement-88', '248.00', 3),
('INV0199', 'Supplement-49', '174.00', 2),
('INV0200', 'Supplement-144', '157.00', 1),
('INV0201', 'Supplement-149', '230.00', 3),
('INV0201', 'Supplement-85', '175.00', 4),
('INV0202', 'Supplement-46', '189.00', 5),
('INV0203', 'Supplement-150', '319.00', 5),
('INV0203', 'Supplement-207', '537.00', 2),
('INV0203', 'Supplement-219', '201.00', 2),
('INV0204', 'Supplement-63', '92.00', 1),
('INV0205', 'Supplement-111', '55.00', 1),
('INV0206', 'Supplement-192', '217.00', 4),
('INV0206', 'Supplement-93', '211.00', 5),
('INV0207', 'Supplement-150', '319.00', 5),
('INV0207', 'Supplement-42', '322.00', 4),
('INV0208', 'Supplement-2', '191.00', 4),
('INV0209', 'Supplement-216', '256.00', 1),
('INV0209', 'Supplement-49', '174.00', 4),
('INV0210', 'Supplement-195', '246.00', 3),
('INV0211', 'Supplement-96', '148.00', 1),
('INV0212', 'Supplement-58', '192.00', 1),
('INV0213', 'Supplement-110', '181.00', 5),
('INV0214', 'Supplement-199', '273.00', 1),
('INV0215', 'Supplement-48', '223.00', 4),
('INV0216', 'Supplement-33', '241.00', 5),
('INV0217', 'Supplement-12', '262.00', 3),
('INV0218', 'Supplement-17', '223.00', 2),
('INV0219', 'Supplement-190', '218.00', 1),
('INV0220', 'Supplement-139', '146.00', 4),
('INV0220', 'Supplement-157', '234.00', 4),
('INV0221', 'Supplement-51', '126.00', 1),
('INV0221', 'Supplement-83', '237.00', 1),
('INV0222', 'Supplement-57', '148.00', 2),
('INV0222', 'Supplement-65', '115.00', 5),
('INV0223', 'Supplement-193', '222.00', 3),
('INV0223', 'Supplement-223', '327.00', 4),
('INV0224', 'Supplement-173', '295.00', 1),
('INV0225', 'Supplement-121', '241.00', 3),
('INV0226', 'Supplement-23', '563.00', 3),
('INV0227', 'Supplement-13', '106.00', 5),
('INV0228', 'Supplement-51', '126.00', 1),
('INV0229', 'Supplement-163', '128.00', 3),
('INV0230', 'Supplement-50', '269.00', 1),
('INV0231', 'Supplement-191', '266.00', 3),
('INV0232', 'Supplement-96', '174.00', 4),
('INV0233', 'Supplement-55', '115.00', 3),
('INV0234', 'Supplement-140', '152.00', 4),
('INV0235', 'Supplement-227', '287.00', 3),
('INV0236', 'Supplement-103', '539.00', 2),
('INV0237', 'Supplement-142', '110.00', 1),
('INV0238', 'Supplement-244', '268.00', 4),
('INV0239', 'Supplement-72', '230.00', 2),
('INV0240', 'Supplement-112', '2689.00', 5),
('INV0241', 'Supplement-19', '118.00', 4),
('INV0242', 'Supplement-97', '200.00', 3),
('INV0243', 'Supplement-227', '287.00', 2),
('INV0244', 'Supplement-234', '261.00', 3),
('INV0245', 'Supplement-21', '303.00', 1),
('INV0246', 'Supplement-61', '205.00', 2),
('INV0247', 'Supplement-70', '214.00', 3),
('INV0248', 'Supplement-25', '291.00', 5),
('INV0249', 'Supplement-55', '115.00', 3),
('INV0250', 'Supplement-157', '234.00', 2),
('INV0251', 'Supplement-40', '122.00', 4),
('INV0251', 'Supplement-60', '222.00', 4),
('INV0252', 'Supplement-132', '282.00', 5),
('INV0253', 'Supplement-134', '193.00', 4),
('INV0254', 'Supplement-112', '2689.00', 4),
('INV0255', 'Supplement-52', '161.00', 5),
('INV0256', 'Supplement-160', '201.00', 3),
('INV0257', 'Supplement-181', '180.00', 2),
('INV0257', 'Supplement-90', '136.00', 1),
('INV0258', 'Supplement-140', '152.00', 3),
('INV0258', 'Supplement-46', '211.00', 2),
('INV0259', 'Supplement-114', '209.00', 4),
('INV0259', 'Supplement-67', '92.00', 1),
('INV0260', 'Supplement-139', '146.00', 2),
('INV0261', 'Supplement-158', '146.00', 2),
('INV0262', 'Supplement-129', '211.00', 1),
('INV0263', 'Supplement-126', '196.00', 2),
('INV0263', 'Supplement-93', '232.00', 2),
('INV0264', 'Supplement-157', '234.00', 1),
('INV0264', 'Supplement-231', '311.00', 5),
('INV0265', 'Supplement-139', '146.00', 1),
('INV0265', 'Supplement-184', '338.00', 3),
('INV0266', 'Supplement-100', '81.00', 2),
('INV0267', 'Supplement-175', '294.00', 5),
('INV0268', 'Supplement-15', '307.00', 3),
('INV0269', 'Supplement-226', '108.00', 5),
('INV0270', 'Supplement-59', '211.00', 1),
('INV0271', 'Supplement-68', '212.00', 1),
('INV0272', 'Supplement-18', '139.00', 5),
('INV0273', 'Supplement-110', '181.00', 3),
('INV0274', 'Supplement-70', '214.00', 1),
('INV0275', 'Supplement-4', '184.00', 4),
('INV0276', 'Supplement-220', '270.00', 5),
('INV0277', 'Supplement-90', '136.00', 4),
('INV0278', 'Supplement-111', '72.00', 2),
('INV0279', 'Supplement-10', '186.00', 3),
('INV0280', 'Supplement-243', '128.00', 2),
('INV0281', 'Supplement-158', '146.00', 1),
('INV0282', 'Supplement-138', '234.00', 4),
('INV0283', 'Supplement-61', '205.00', 2),
('INV0284', 'Supplement-170', '206.00', 5),
('INV0285', 'Supplement-234', '261.00', 2),
('INV0286', 'Supplement-113', '41.00', 4),
('INV0287', 'Supplement-37', '200.00', 3),
('INV0288', 'Supplement-18', '139.00', 2),
('INV0289', 'Supplement-53', '148.00', 4),
('INV0290', 'Supplement-154', '297.00', 3),
('INV0291', 'Supplement-146', '198.00', 1),
('INV0292', 'Supplement-192', '234.00', 5),
('INV0293', 'Supplement-225', '186.00', 5),
('INV0294', 'Supplement-45', '101.00', 4),
('INV0295', 'Supplement-8', '166.00', 5),
('INV0296', 'Supplement-54', '184.00', 2),
('INV0297', 'Supplement-53', '148.00', 5),
('INV0298', 'Supplement-193', '222.00', 5),
('INV0299', 'Supplement-82', '156.00', 1),
('INV0300', 'Supplement-63', '114.00', 4),
('INV0301', 'Supplement-152', '206.00', 5),
('INV0302', 'Supplement-141', '166.00', 3),
('INV0303', 'Supplement-180', '197.00', 5),
('INV0304', 'Supplement-226', '108.00', 3),
('INV0305', 'Supplement-11', '160.00', 5),
('INV0306', 'Supplement-57', '148.00', 2),
('INV0307', 'Supplement-103', '539.00', 5),
('INV0308', 'Supplement-43', '170.00', 2),
('INV0309', 'Supplement-224', '266.00', 2),
('INV0310', 'Supplement-24', '188.00', 5),
('INV0311', 'Supplement-173', '295.00', 5),
('INV0312', 'Supplement-136', '206.00', 2),
('INV0313', 'Supplement-103', '539.00', 3),
('INV0314', 'Supplement-2', '192.00', 1),
('INV0315', 'Supplement-202', '180.00', 3),
('INV0316', 'Supplement-45', '101.00', 4),
('INV0317', 'Supplement-73', '223.00', 5),
('INV0318', 'Supplement-135', '132.00', 3),
('INV0319', 'Supplement-125', '158.00', 5),
('INV0320', 'Supplement-36', '208.00', 3),
('INV0321', 'Supplement-218', '225.00', 4),
('INV0322', 'Supplement-165', '246.00', 1),
('INV0323', 'Supplement-4', '184.00', 4),
('INV0324', 'Supplement-224', '266.00', 4),
('INV0325', 'Supplement-120', '201.00', 4),
('INV0326', 'Supplement-98', '179.00', 4),
('INV0327', 'Supplement-91', '255.00', 5),
('INV0328', 'Supplement-32', '160.00', 1),
('INV0329', 'Supplement-178', '186.00', 3),
('INV0330', 'Supplement-121', '241.00', 2),
('INV0331', 'Supplement-157', '234.00', 2),
('INV0332', 'Supplement-36', '208.00', 1),
('INV0333', 'Supplement-171', '375.00', 1),
('INV0334', 'Supplement-158', '146.00', 5),
('INV0335', 'Supplement-236', '177.00', 3),
('INV0336', 'Supplement-131', '223.00', 4),
('INV0337', 'Supplement-49', '207.00', 2),
('INV0338', 'Supplement-127', '169.00', 2),
('INV0339', 'Supplement-106', '275.00', 2),
('INV0340', 'Supplement-150', '346.00', 3),
('INV0341', 'Supplement-172', '163.00', 3),
('INV0342', 'Supplement-13', '106.00', 3),
('INV0343', 'Supplement-214', '234.00', 1),
('INV0344', 'Supplement-242', '245.00', 4),
('INV0345', 'Supplement-68', '212.00', 1),
('INV0346', 'Supplement-66', '101.00', 2),
('INV0347', 'Supplement-123', '262.00', 4),
('INV0348', 'Supplement-151', '225.00', 2),
('INV0349', 'Supplement-42', '352.00', 4),
('INV0350', 'Supplement-135', '132.00', 4),
('INV0351', 'Supplement-55', '115.00', 5),
('INV0352', 'Supplement-188', '131.00', 3),
('INV0353', 'Supplement-103', '539.00', 4),
('INV0354', 'Supplement-125', '158.00', 5),
('INV0355', 'Supplement-22', '184.00', 3),
('INV0356', 'Supplement-69', '182.00', 4),
('INV0357', 'Supplement-12', '262.00', 3),
('INV0358', 'Supplement-209', '189.00', 2),
('INV0359', 'Supplement-141', '166.00', 5),
('INV0360', 'Supplement-149', '247.00', 5),
('INV0361', 'Supplement-226', '108.00', 1),
('INV0362', 'Supplement-235', '225.00', 2),
('INV0363', 'Supplement-115', '377.00', 2),
('INV0364', 'Supplement-113', '41.00', 5),
('INV0365', 'Supplement-160', '201.00', 1),
('INV0366', 'Supplement-80', '233.00', 1),
('INV0367', 'Supplement-84', '136.00', 1),
('INV0368', 'Supplement-112', '2689.00', 1),
('INV0369', 'Supplement-165', '246.00', 3),
('INV0370', 'Supplement-120', '201.00', 2),
('INV0371', 'Supplement-182', '262.00', 2),
('INV0372', 'Supplement-42', '352.00', 1),
('INV0373', 'Supplement-91', '255.00', 4),
('INV0374', 'Supplement-166', '181.00', 4),
('INV0375', 'Supplement-31', '141.00', 3),
('INV0376', 'Supplement-219', '218.00', 3),
('INV0377', 'Supplement-138', '234.00', 5),
('INV0378', 'Supplement-16', '200.00', 5),
('INV0379', 'Supplement-64', '122.00', 5),
('INV0380', 'Supplement-3', '238.00', 3),
('INV0381', 'Supplement-191', '266.00', 2),
('INV0382', 'Supplement-245', '243.00', 3),
('INV0383', 'Supplement-95', '206.00', 4),
('INV0384', 'Supplement-212', '244.00', 3),
('INV0385', 'Supplement-101', '208.00', 1),
('INV0386', 'Supplement-119', '207.00', 4),
('INV0387', 'Supplement-204', '290.00', 2),
('INV0388', 'Supplement-15', '307.00', 2),
('INV0389', 'Supplement-27', '195.00', 2),
('INV0390', 'Supplement-66', '101.00', 1),
('INV0391', 'Supplement-89', '301.00', 2),
('INV0392', 'Supplement-163', '128.00', 2),
('INV0393', 'Supplement-137', '161.00', 3),
('INV0394', 'Supplement-105', '239.00', 4),
('INV0395', 'Supplement-213', '195.00', 1),
('INV0396', 'Supplement-217', '294.00', 1),
('INV0397', 'Supplement-200', '231.00', 1),
('INV0398', 'Supplement-63', '114.00', 2),
('INV0399', 'Supplement-238', '226.00', 1),
('INV0400', 'Supplement-80', '233.00', 3),
('INV0401', 'Supplement-225', '186.00', 2),
('INV0402', 'Supplement-174', '295.00', 3),
('INV0403', 'Supplement-197', '251.00', 1),
('INV0404', 'Supplement-33', '241.00', 5),
('INV0405', 'Supplement-152', '206.00', 5),
('INV0406', 'Supplement-128', '205.00', 3),
('INV0407', 'Supplement-2', '192.00', 4),
('INV0408', 'Supplement-13', '106.00', 3),
('INV0409', 'Supplement-171', '375.00', 3),
('INV0410', 'Supplement-210', '147.00', 2),
('INV0411', 'Supplement-109', '186.00', 2),
('INV0412', 'Supplement-229', '133.00', 1),
('INV0413', 'Supplement-204', '290.00', 5),
('INV0414', 'Supplement-172', '163.00', 3),
('INV0415', 'Supplement-190', '218.00', 5),
('INV0416', 'Supplement-70', '214.00', 5),
('INV0417', 'Supplement-4', '184.00', 2),
('INV0418', 'Supplement-83', '237.00', 2),
('INV0419', 'Supplement-222', '289.00', 2),
('INV0420', 'Supplement-52', '161.00', 2),
('INV0421', 'Supplement-56', '4739.00', 1),
('INV0422', 'Supplement-183', '261.00', 1),
('INV0423', 'Supplement-9', '286.00', 2),
('INV0424', 'Supplement-180', '197.00', 1),
('INV0425', 'Supplement-139', '146.00', 4);
INSERT INTO `tblinv_items` (`inv_num`, `supplement_id`, `item_price`, `item_quantity`) VALUES
('INV0426', 'Supplement-173', '295.00', 5),
('INV0427', 'Supplement-108', '232.00', 1),
('INV0428', 'Supplement-185', '185.00', 2),
('INV0429', 'Supplement-64', '122.00', 1),
('INV0430', 'Supplement-143', '192.00', 4),
('INV0431', 'Supplement-166', '181.00', 2),
('INV0432', 'Supplement-87', '130.00', 1),
('INV0433', 'Supplement-59', '211.00', 2),
('INV0434', 'Supplement-98', '179.00', 4),
('INV0435', 'Supplement-82', '156.00', 5),
('INV0436', 'Supplement-164', '253.00', 4),
('INV0437', 'Supplement-179', '258.00', 5),
('INV0438', 'Supplement-183', '261.00', 2),
('INV0439', 'Supplement-120', '201.00', 3),
('INV0440', 'Supplement-145', '221.00', 5),
('INV0441', 'Supplement-155', '120.00', 2),
('INV0442', 'Supplement-170', '206.00', 1),
('INV0443', 'Supplement-207', '553.00', 1),
('INV0444', 'Supplement-145', '221.00', 5),
('INV0445', 'Supplement-102', '214.00', 3),
('INV0446', 'Supplement-198', '180.00', 4),
('INV0447', 'Supplement-60', '222.00', 2),
('INV0448', 'Supplement-28', '229.00', 1),
('INV0449', 'Supplement-145', '221.00', 2),
('INV0450', 'Supplement-83', '237.00', 5),
('INV0451', 'Supplement-120', '201.00', 2),
('INV0452', 'Supplement-239', '273.00', 4),
('INV0453', 'Supplement-189', '141.00', 1),
('INV0454', 'Supplement-144', '176.00', 5),
('INV0455', 'Supplement-240', '150.00', 1),
('INV0456', 'Supplement-52', '161.00', 4),
('INV0457', 'Supplement-194', '216.00', 1),
('INV0458', 'Supplement-196', '300.00', 3),
('INV0459', 'Supplement-193', '222.00', 5),
('INV0460', 'Supplement-16', '200.00', 1),
('INV0461', 'Supplement-187', '133.00', 1),
('INV0462', 'Supplement-52', '161.00', 3),
('INV0463', 'Supplement-70', '214.00', 5),
('INV0464', 'Supplement-38', '212.00', 5),
('INV0465', 'Supplement-185', '185.00', 4),
('INV0466', 'Supplement-55', '115.00', 4),
('INV0467', 'Supplement-153', '203.00', 3),
('INV0468', 'Supplement-157', '234.00', 4),
('INV0469', 'Supplement-37', '200.00', 2),
('INV0470', 'Supplement-39', '234.00', 4),
('INV0471', 'Supplement-142', '110.00', 4),
('INV0472', 'Supplement-123', '262.00', 5),
('INV0473', 'Supplement-216', '289.00', 3),
('INV0474', 'Supplement-80', '233.00', 4),
('INV0475', 'Supplement-67', '92.00', 4),
('INV0476', 'Supplement-188', '131.00', 4),
('INV0477', 'Supplement-216', '289.00', 4),
('INV0478', 'Supplement-147', '220.00', 5),
('INV0479', 'Supplement-74', '210.00', 2),
('INV0480', 'Supplement-179', '258.00', 2),
('INV0481', 'Supplement-60', '222.00', 3),
('INV0482', 'Supplement-179', '258.00', 1),
('INV0483', 'Supplement-193', '222.00', 2),
('INV0484', 'Supplement-15', '307.00', 5),
('INV0485', 'Supplement-126', '196.00', 3),
('INV0486', 'Supplement-9', '286.00', 1),
('INV0487', 'Supplement-5', '215.00', 3),
('INV0488', 'Supplement-8', '166.00', 4),
('INV0489', 'Supplement-72', '230.00', 1),
('INV0490', 'Supplement-42', '352.00', 5),
('INV0491', 'Supplement-59', '211.00', 2),
('INV0492', 'Supplement-102', '214.00', 3),
('INV0493', 'Supplement-154', '297.00', 4),
('INV0494', 'Supplement-188', '131.00', 3),
('INV0495', 'Supplement-114', '209.00', 1),
('INV0496', 'Supplement-108', '232.00', 5),
('INV0497', 'Supplement-27', '195.00', 3),
('INV0498', 'Supplement-59', '211.00', 4),
('INV0499', 'Supplement-233', '236.00', 5),
('INV0500', 'Supplement-127', '169.00', 4),
('INV0501', 'Supplement-241', '175.00', 5),
('INV0502', 'Supplement-140', '152.00', 3),
('INV0503', 'Supplement-226', '108.00', 5),
('INV0504', 'Supplement-190', '218.00', 3),
('INV0505', 'Supplement-60', '222.00', 2),
('INV0506', 'Supplement-45', '101.00', 4),
('INV0507', 'Supplement-31', '141.00', 2),
('INV0508', 'Supplement-97', '200.00', 3),
('INV0509', 'Supplement-103', '539.00', 2),
('INV0510', 'Supplement-185', '185.00', 1),
('INV0511', 'Supplement-1', '281.00', 4),
('INV0512', 'Supplement-122', '239.00', 3),
('INV0513', 'Supplement-27', '195.00', 1),
('INV0514', 'Supplement-205', '259.00', 4),
('INV0515', 'Supplement-155', '120.00', 4),
('INV0516', 'Supplement-114', '209.00', 1),
('INV0517', 'Supplement-10', '186.00', 4),
('INV0518', 'Supplement-42', '352.00', 4),
('INV0519', 'Supplement-18', '139.00', 3),
('INV0520', 'Supplement-88', '275.00', 4),
('INV0521', 'Supplement-230', '239.00', 1),
('INV0522', 'Supplement-210', '147.00', 4),
('INV0523', 'Supplement-8', '166.00', 1),
('INV0524', 'Supplement-59', '211.00', 2),
('INV0525', 'Supplement-136', '206.00', 5),
('INV0526', 'Supplement-83', '237.00', 2),
('INV0527', 'Supplement-79', '197.00', 3),
('INV0528', 'Supplement-141', '166.00', 4),
('INV0529', 'Supplement-62', '359.00', 1),
('INV0530', 'Supplement-45', '101.00', 2),
('INV0531', 'Supplement-94', '230.00', 2),
('INV0532', 'Supplement-41', '154.00', 2),
('INV0533', 'Supplement-189', '141.00', 5),
('INV0534', 'Supplement-141', '166.00', 2),
('INV0535', 'Supplement-127', '169.00', 5),
('INV0536', 'Supplement-88', '275.00', 4),
('INV0537', 'Supplement-172', '163.00', 3),
('INV0538', 'Supplement-174', '295.00', 1),
('INV0539', 'Supplement-12', '262.00', 4),
('INV0540', 'Supplement-145', '221.00', 3),
('INV0541', 'Supplement-128', '205.00', 5),
('INV0542', 'Supplement-182', '262.00', 3),
('INV0543', 'Supplement-171', '375.00', 2),
('INV0544', 'Supplement-11', '160.00', 3),
('INV0545', 'Supplement-11', '160.00', 3),
('INV0546', 'Supplement-80', '233.00', 2),
('INV0547', 'Supplement-155', '120.00', 2),
('INV0548', 'Supplement-237', '115.00', 4),
('INV0549', 'Supplement-60', '222.00', 3),
('INV0550', 'Supplement-23', '563.00', 1),
('INV0551', 'Supplement-198', '180.00', 1),
('INV0552', 'Supplement-128', '205.00', 4),
('INV0553', 'Supplement-85', '196.00', 3),
('INV0554', 'Supplement-241', '175.00', 4),
('INV0555', 'Supplement-202', '180.00', 3),
('INV0556', 'Supplement-68', '212.00', 5),
('INV0557', 'Supplement-37', '200.00', 2),
('INV0558', 'Supplement-135', '132.00', 5),
('INV0559', 'Supplement-140', '152.00', 3),
('INV0560', 'Supplement-50', '269.00', 5),
('INV0561', 'Supplement-144', '176.00', 4),
('INV0562', 'Supplement-206', '267.00', 3),
('INV0563', 'Supplement-127', '169.00', 1),
('INV0564', 'Supplement-169', '233.00', 4),
('INV0565', 'Supplement-211', '233.00', 3),
('INV0566', 'Supplement-195', '258.00', 1),
('INV0567', 'Supplement-181', '180.00', 5),
('INV0568', 'Supplement-78', '224.00', 2),
('INV0569', 'Supplement-171', '375.00', 4),
('INV0570', 'Supplement-164', '253.00', 2),
('INV0571', 'Supplement-110', '181.00', 4),
('INV0572', 'Supplement-24', '188.00', 2),
('INV0573', 'Supplement-235', '225.00', 2),
('INV0574', 'Supplement-159', '215.00', 4),
('INV0575', 'Supplement-216', '289.00', 1),
('INV0576', 'Supplement-115', '377.00', 2),
('INV0577', 'Supplement-236', '177.00', 4),
('INV0578', 'Supplement-6', '260.00', 5),
('INV0579', 'Supplement-238', '226.00', 2),
('INV0580', 'Supplement-215', '242.00', 1),
('INV0581', 'Supplement-50', '269.00', 1),
('INV0582', 'Supplement-17', '223.00', 2),
('INV0583', 'Supplement-197', '251.00', 4),
('INV0584', 'Supplement-128', '205.00', 5),
('INV0585', 'Supplement-13', '106.00', 2),
('INV0586', 'Supplement-65', '115.00', 1),
('INV0587', 'Supplement-177', '174.00', 5),
('INV0588', 'Supplement-93', '232.00', 5),
('INV0589', 'Supplement-155', '120.00', 3),
('INV0590', 'Supplement-10', '186.00', 3),
('INV0590', 'Supplement-98', '179.00', 5),
('INV0591', 'Supplement-10', '186.00', 4),
('INV0591', 'Supplement-151', '225.00', 2),
('INV0592', 'Supplement-201', '213.00', 3),
('INV0593', 'Supplement-220', '270.00', 1),
('INV0594', 'Supplement-62', '359.00', 2),
('INV0595', 'Supplement-38', '212.00', 2),
('INV0596', 'Supplement-101', '208.00', 4),
('INV0597', 'Supplement-215', '242.00', 2),
('INV0598', 'Supplement-14', '261.00', 1),
('INV0599', 'Supplement-163', '128.00', 4),
('INV0600', 'Supplement-209', '189.00', 3),
('INV0601', 'Supplement-143', '192.00', 2),
('INV0602', 'Supplement-59', '211.00', 2),
('INV0603', 'Supplement-189', '141.00', 2),
('INV0604', 'Supplement-171', '375.00', 2),
('INV0605', 'Supplement-244', '268.00', 3),
('INV0606', 'Supplement-239', '273.00', 2),
('INV0607', 'Supplement-140', '152.00', 1),
('INV0608', 'Supplement-225', '186.00', 5),
('INV0609', 'Supplement-187', '133.00', 1),
('INV0610', 'Supplement-89', '301.00', 4),
('INV0611', 'Supplement-221', '207.00', 1),
('INV0612', 'Supplement-151', '225.00', 2),
('INV0613', 'Supplement-57', '148.00', 5),
('INV0614', 'Supplement-158', '146.00', 2),
('INV0615', 'Supplement-156', '141.00', 4),
('INV0616', 'Supplement-217', '294.00', 1),
('INV0617', 'Supplement-227', '287.00', 3),
('INV0618', 'Supplement-106', '275.00', 4),
('INV0619', 'Supplement-156', '169.00', 1),
('INV0620', 'Supplement-176', '201.00', 3),
('INV0621', 'Supplement-191', '297.00', 3),
('INV0622', 'Supplement-17', '237.00', 2),
('INV0623', 'Supplement-109', '194.00', 4),
('INV0624', 'Supplement-27', '226.00', 2),
('INV0625', 'Supplement-218', '231.00', 3),
('INV0626', 'Supplement-167', '208.00', 3),
('INV0627', 'Supplement-84', '150.00', 5),
('INV0628', 'Supplement-38', '221.00', 3),
('INV0629', 'Supplement-146', '226.00', 5),
('INV0630', 'Supplement-245', '274.00', 3),
('INV0631', 'Supplement-31', '150.00', 5),
('INV0632', 'Supplement-2', '213.00', 4),
('INV0633', 'Supplement-66', '133.00', 4),
('INV0634', 'Supplement-138', '263.00', 2),
('INV0635', 'Supplement-112', '2700.00', 5),
('INV0636', 'Supplement-14', '269.00', 4),
('INV0637', 'Supplement-107', '266.00', 4),
('INV0638', 'Supplement-139', '163.00', 5),
('INV0639', 'Supplement-33', '242.00', 2),
('INV0640', 'Supplement-70', '240.00', 5),
('INV0641', 'Supplement-9', '314.00', 2),
('INV0642', 'Supplement-233', '257.00', 2),
('INV0643', 'Supplement-112', '2700.00', 1),
('INV0644', 'Supplement-219', '226.00', 3),
('INV0645', 'Supplement-156', '169.00', 2),
('INV0646', 'Supplement-127', '172.00', 2),
('INV0647', 'Supplement-159', '244.00', 4),
('INV0648', 'Supplement-190', '251.00', 1),
('INV0649', 'Supplement-133', '240.00', 2),
('INV0650', 'Supplement-4', '188.00', 2),
('INV0651', 'Supplement-172', '171.00', 3),
('INV0652', 'Supplement-125', '169.00', 2),
('INV0653', 'Supplement-4', '188.00', 4),
('INV0654', 'Supplement-129', '231.00', 5),
('INV0655', 'Supplement-149', '273.00', 3),
('INV0656', 'Supplement-37', '230.00', 4),
('INV0657', 'Supplement-117', '252.00', 2),
('INV0658', 'Supplement-203', '378.00', 5),
('INV0659', 'Supplement-64', '156.00', 3),
('INV0660', 'Supplement-28', '261.00', 5),
('INV0661', 'Supplement-100', '108.00', 2),
('INV0662', 'Supplement-192', '238.00', 2),
('INV0663', 'Supplement-225', '193.00', 2),
('INV0664', 'Supplement-201', '244.00', 2),
('INV0665', 'Supplement-74', '227.00', 4),
('INV0666', 'Supplement-136', '224.00', 3),
('INV0667', 'Supplement-241', '200.00', 4),
('INV0668', 'Supplement-14', '269.00', 5),
('INV0669', 'Supplement-107', '266.00', 4),
('INV0670', 'Supplement-66', '133.00', 5),
('INV0671', 'Supplement-100', '108.00', 4),
('INV0671', 'Supplement-25', '321.00', 1),
('INV0672', 'Supplement-176', '201.00', 4),
('INV0673', 'Supplement-176', '201.00', 1),
('INV0674', 'Supplement-211', '241.00', 5),
('INV0675', 'Supplement-127', '172.00', 4),
('INV0676', 'Supplement-101', '227.00', 2),
('INV0677', 'Supplement-84', '150.00', 5),
('INV0678', 'Supplement-3', '243.00', 1),
('INV0679', 'Supplement-174', '326.00', 5),
('INV0680', 'Supplement-17', '237.00', 3),
('INV0681', 'Supplement-173', '319.00', 3),
('INV0682', 'Supplement-9', '314.00', 5),
('INV0683', 'Supplement-144', '185.00', 4),
('INV0684', 'Supplement-213', '226.00', 4),
('INV0685', 'Supplement-235', '250.00', 2),
('INV0686', 'Supplement-123', '295.00', 3),
('INV0687', 'Supplement-20', '191.00', 4),
('INV0688', 'Supplement-62', '383.00', 4),
('INV0689', 'Supplement-161', '240.00', 5),
('INV0690', 'Supplement-200', '264.00', 3),
('INV0691', 'Supplement-50', '296.00', 5),
('INV0692', 'Supplement-234', '276.00', 3),
('INV0693', 'Supplement-238', '232.00', 4),
('INV0694', 'Supplement-215', '265.00', 1),
('INV0695', 'Supplement-228', '190.00', 4),
('INV0696', 'Supplement-188', '133.00', 3),
('INV0697', 'Supplement-109', '194.00', 1),
('INV0698', 'Supplement-143', '213.00', 5),
('INV0699', 'Supplement-187', '166.00', 5),
('INV0700', 'Supplement-93', '257.00', 2),
('INV0701', 'Supplement-143', '213.00', 4),
('INV0702', 'Supplement-229', '157.00', 3),
('INV0703', 'Supplement-138', '263.00', 5),
('INV0704', 'Supplement-20', '191.00', 1),
('INV0705', 'Supplement-160', '232.00', 4),
('INV0706', 'Supplement-182', '264.00', 3),
('INV0707', 'Supplement-82', '165.00', 5),
('INV0708', 'Supplement-188', '133.00', 5),
('INV0709', 'Supplement-158', '146.00', 3),
('INV0710', 'Supplement-205', '269.00', 1),
('INV0711', 'Supplement-157', '245.00', 2),
('INV0712', 'Supplement-165', '278.00', 3),
('INV0713', 'Supplement-173', '319.00', 3),
('INV0714', 'Supplement-193', '248.00', 2),
('INV0715', 'Supplement-71', '358.00', 2),
('INV0716', 'Supplement-98', '185.00', 4),
('INV0717', 'Supplement-220', '286.00', 5),
('INV0718', 'Supplement-224', '286.00', 3),
('INV0719', 'Supplement-23', '571.00', 2),
('INV0720', 'Supplement-73', '257.00', 5),
('INV0721', 'Supplement-117', '252.00', 3),
('INV0722', 'Supplement-155', '148.00', 3),
('INV0723', 'Supplement-17', '237.00', 2),
('INV0724', 'Supplement-199', '279.00', 5),
('INV0725', 'Supplement-15', '309.00', 4),
('INV0726', 'Supplement-100', '108.00', 5),
('INV0726', 'Supplement-35', '93.00', 5),
('INV0727', 'Supplement-231', '330.00', 5),
('INV0728', 'Supplement-210', '156.00', 4),
('INV0729', 'Supplement-231', '330.00', 4),
('INV0730', 'Supplement-220', '286.00', 3),
('INV0731', 'Supplement-29', '200.00', 1),
('INV0732', 'Supplement-120', '216.00', 4),
('INV0733', 'Supplement-50', '296.00', 1),
('INV0734', 'Supplement-222', '317.00', 5),
('INV0735', 'Supplement-232', '311.00', 1),
('INV0736', 'Supplement-188', '133.00', 1),
('INV0737', 'Supplement-121', '266.00', 1),
('INV0738', 'Supplement-52', '171.00', 4),
('INV0739', 'Supplement-20', '191.00', 3),
('INV0740', 'Supplement-236', '208.00', 3),
('INV0741', 'Supplement-37', '230.00', 4),
('INV0742', 'Supplement-187', '166.00', 3),
('INV0743', 'Supplement-1', '316.00', 2),
('INV0744', 'Supplement-96', '177.00', 3),
('INV0745', 'Supplement-46', '220.00', 1),
('INV0746', 'Supplement-64', '156.00', 3),
('INV0747', 'Supplement-153', '237.00', 5),
('INV0748', 'Supplement-200', '264.00', 4),
('INV0749', 'Supplement-60', '231.00', 3),
('INV0750', 'Supplement-67', '115.00', 3),
('INV0751', 'Supplement-100', '108.00', 3),
('INV0751', 'Supplement-124', '233.00', 4),
('INV0752', 'Supplement-67', '115.00', 3),
('INV0753', 'Supplement-200', '264.00', 1),
('INV0754', 'Supplement-183', '269.00', 4),
('INV0755', 'Supplement-52', '171.00', 4),
('INV0756', 'Supplement-28', '261.00', 1),
('INV0757', 'Supplement-24', '203.00', 2),
('INV0758', 'Supplement-216', '305.00', 2),
('INV0759', 'Supplement-74', '227.00', 2),
('INV0760', 'Supplement-160', '232.00', 1),
('INV0761', 'Supplement-151', '247.00', 2),
('INV0762', 'Supplement-173', '319.00', 1),
('INV0763', 'Supplement-43', '170.00', 2),
('INV0764', 'Supplement-174', '326.00', 5),
('INV0765', 'Supplement-79', '201.00', 3),
('INV0766', 'Supplement-219', '226.00', 3),
('INV0767', 'Supplement-196', '323.00', 4),
('INV0768', 'Supplement-38', '221.00', 3),
('INV0769', 'Supplement-24', '203.00', 3),
('INV0770', 'Supplement-63', '127.00', 2),
('INV0771', 'Supplement-64', '156.00', 2),
('INV0772', 'Supplement-238', '232.00', 1),
('INV0773', 'Supplement-196', '323.00', 3),
('INV0774', 'Supplement-121', '266.00', 5),
('INV0775', 'Supplement-52', '171.00', 3),
('INV0776', 'Supplement-171', '389.00', 5),
('INV0777', 'Supplement-46', '220.00', 5),
('INV0778', 'Supplement-60', '231.00', 5),
('INV0779', 'Supplement-22', '203.00', 5),
('INV0780', 'Supplement-177', '192.00', 4),
('INV0781', 'Supplement-106', '275.00', 2),
('INV0782', 'Supplement-101', '227.00', 2),
('INV0783', 'Supplement-179', '292.00', 3),
('INV0784', 'Supplement-233', '257.00', 5),
('INV0785', 'Supplement-204', '315.00', 3),
('INV0786', 'Supplement-236', '208.00', 3),
('INV0787', 'Supplement-3', '243.00', 5),
('INV0788', 'Supplement-20', '191.00', 3),
('INV0789', 'Supplement-55', '144.00', 3),
('INV0790', 'Supplement-133', '240.00', 1),
('INV0791', 'Supplement-92', '262.00', 1),
('INV0792', 'Supplement-82', '165.00', 4),
('INV0793', 'Supplement-40', '127.00', 3),
('INV0794', 'Supplement-207', '587.00', 4),
('INV0795', 'Supplement-144', '185.00', 2),
('INV0796', 'Supplement-111', '93.00', 1),
('INV0797', 'Supplement-79', '201.00', 1),
('INV0798', 'Supplement-158', '146.00', 5),
('INV0799', 'Supplement-144', '185.00', 5),
('INV0800', 'Supplement-120', '216.00', 4),
('INV0801', 'Supplement-75', '222.00', 1),
('INV0802', 'Supplement-58', '225.00', 3),
('INV0803', 'Supplement-150', '364.00', 1),
('INV0804', 'Supplement-213', '226.00', 3),
('INV0805', 'Supplement-21', '305.00', 1),
('INV0806', 'Supplement-161', '240.00', 1),
('INV0807', 'Supplement-190', '251.00', 5),
('INV0808', 'Supplement-104', '393.00', 2),
('INV0809', 'Supplement-20', '191.00', 3),
('INV0810', 'Supplement-155', '148.00', 1),
('INV0811', 'Supplement-55', '144.00', 1),
('INV0812', 'Supplement-54', '213.00', 1),
('INV0813', 'Supplement-67', '115.00', 4),
('INV0814', 'Supplement-117', '252.00', 2),
('INV0815', 'Supplement-242', '261.00', 1),
('INV0816', 'Supplement-229', '157.00', 1),
('INV0817', 'Supplement-155', '148.00', 5),
('INV0818', 'Supplement-243', '151.00', 3),
('INV0819', 'Supplement-181', '213.00', 4),
('INV0820', 'Supplement-159', '244.00', 1),
('INV0821', 'Supplement-204', '315.00', 3),
('INV0822', 'Supplement-13', '130.00', 3),
('INV0823', 'Supplement-88', '303.00', 4),
('INV0824', 'Supplement-190', '251.00', 3),
('INV0825', 'Supplement-230', '252.00', 3),
('INV0826', 'Supplement-114', '236.00', 1),
('INV0827', 'Supplement-194', '225.00', 3),
('INV0828', 'Supplement-70', '240.00', 4),
('INV0829', 'Supplement-43', '170.00', 1),
('INV0830', 'Supplement-166', '188.00', 4),
('INV0831', 'Supplement-121', '266.00', 1),
('INV0832', 'Supplement-89', '327.00', 2),
('INV0833', 'Supplement-147', '239.00', 2),
('INV0834', 'Supplement-86', '159.00', 5),
('INV0835', 'Supplement-98', '185.00', 4),
('INV0836', 'Supplement-89', '327.00', 2),
('INV0837', 'Supplement-132', '285.00', 4),
('INV0838', 'Supplement-240', '175.00', 2),
('INV0839', 'Supplement-105', '265.00', 3),
('INV0840', 'Supplement-93', '257.00', 1),
('INV0841', 'Supplement-151', '247.00', 4),
('INV0842', 'Supplement-37', '230.00', 5),
('INV0843', 'Supplement-72', '239.00', 1),
('INV0844', 'Supplement-224', '286.00', 2),
('INV0845', 'Supplement-157', '245.00', 2),
('INV0846', 'Supplement-164', '264.00', 1),
('INV0847', 'Supplement-186', '213.00', 1),
('INV0848', 'Supplement-72', '239.00', 4),
('INV0849', 'Supplement-86', '159.00', 5),
('INV0850', 'Supplement-43', '170.00', 3),
('INV0851', 'Supplement-6', '268.00', 3),
('INV0852', 'Supplement-103', '570.00', 4),
('INV0853', 'Supplement-19', '131.00', 2),
('INV0854', 'Supplement-209', '222.00', 5),
('INV0855', 'Supplement-13', '130.00', 4),
('INV0856', 'Supplement-6', '271.00', 1),
('INV0857', 'Supplement-70', '244.00', 3),
('INV0858', 'Supplement-66', '155.00', 4),
('INV0859', 'Supplement-162', '246.00', 1),
('INV0860', 'Supplement-150', '382.00', 3),
('INV0861', 'Supplement-93', '263.00', 5),
('INV0862', 'Supplement-4', '214.00', 4),
('INV0863', 'Supplement-174', '335.00', 5),
('INV0864', 'Supplement-99', '197.00', 2),
('INV0865', 'Supplement-147', '267.00', 2),
('INV0866', 'Supplement-32', '208.00', 4),
('INV0867', 'Supplement-94', '247.00', 3),
('INV0868', 'Supplement-50', '311.00', 2),
('INV0869', 'Supplement-160', '266.00', 1),
('INV0870', 'Supplement-40', '148.00', 3),
('INV0871', 'Supplement-73', '262.00', 5),
('INV0872', 'Supplement-131', '274.00', 1),
('INV0873', 'Supplement-29', '219.00', 3),
('INV0874', 'Supplement-192', '263.00', 5),
('INV0875', 'Supplement-127', '189.00', 5),
('INV0876', 'Supplement-102', '232.00', 5),
('INV0877', 'Supplement-238', '232.00', 1),
('INV0878', 'Supplement-221', '232.00', 2),
('INV0879', 'Supplement-24', '234.00', 1),
('INV0880', 'Supplement-87', '154.00', 3),
('INV0881', 'Supplement-7', '283.00', 2),
('INV0882', 'Supplement-133', '269.00', 3),
('INV0883', 'Supplement-98', '214.00', 5),
('INV0884', 'Supplement-4', '214.00', 4),
('INV0885', 'Supplement-200', '267.00', 2),
('INV0886', 'Supplement-47', '286.00', 3),
('INV0887', 'Supplement-31', '151.00', 2),
('INV0888', 'Supplement-159', '260.00', 4),
('INV0889', 'Supplement-42', '401.00', 1),
('INV0890', 'Supplement-159', '260.00', 2),
('INV0891', 'Supplement-91', '277.00', 4),
('INV0892', 'Supplement-18', '179.00', 5),
('INV0893', 'Supplement-244', '298.00', 5),
('INV0894', 'Supplement-80', '285.00', 3),
('INV0895', 'Supplement-234', '297.00', 5),
('INV0896', 'Supplement-42', '401.00', 4),
('INV0897', 'Supplement-235', '250.00', 5),
('INV0898', 'Supplement-87', '154.00', 4),
('INV0899', 'Supplement-176', '206.00', 2),
('INV0900', 'Supplement-100', '135.00', 2),
('INV0901', 'Supplement-95', '232.00', 4),
('INV0902', 'Supplement-210', '176.00', 3),
('INV0903', 'Supplement-16', '244.00', 3),
('INV0904', 'Supplement-105', '295.00', 2),
('INV0905', 'Supplement-85', '234.00', 5),
('INV0906', 'Supplement-150', '382.00', 3),
('INV0907', 'Supplement-236', '210.00', 3),
('INV0908', 'Supplement-22', '215.00', 1),
('INV0909', 'Supplement-93', '263.00', 5),
('INV0910', 'Supplement-205', '274.00', 3),
('INV0911', 'Supplement-223', '366.00', 3),
('INV0912', 'Supplement-62', '392.00', 3),
('INV0913', 'Supplement-185', '197.00', 3),
('INV0914', 'Supplement-244', '298.00', 4),
('INV0915', 'Supplement-177', '220.00', 3),
('INV0916', 'Supplement-31', '151.00', 4),
('INV0917', 'Supplement-207', '589.00', 2),
('INV0918', 'Supplement-223', '366.00', 1),
('INV0919', 'Supplement-66', '155.00', 5),
('INV0920', 'Supplement-106', '284.00', 2),
('INV0921', 'Supplement-120', '243.00', 2),
('INV0922', 'Supplement-214', '245.00', 1),
('INV0923', 'Supplement-157', '256.00', 5),
('INV0924', 'Supplement-158', '165.00', 2),
('INV0925', 'Supplement-164', '298.00', 2),
('INV0926', 'Supplement-188', '158.00', 5),
('INV0927', 'Supplement-40', '148.00', 4),
('INV0928', 'Supplement-88', '311.00', 4),
('INV0929', 'Supplement-26', '258.00', 1),
('INV0930', 'Supplement-87', '154.00', 2),
('INV0931', 'Supplement-88', '311.00', 3),
('INV0932', 'Supplement-203', '401.00', 5),
('INV0933', 'Supplement-193', '249.00', 3),
('INV0934', 'Supplement-112', '2710.00', 2),
('INV0935', 'Supplement-51', '167.00', 2),
('INV0936', 'Supplement-231', '359.00', 5),
('INV0937', 'Supplement-152', '248.00', 2),
('INV0938', 'Supplement-37', '236.00', 5),
('INV0939', 'Supplement-37', '236.00', 4),
('INV0940', 'Supplement-84', '175.00', 2),
('INV0941', 'Supplement-1', '336.00', 2),
('INV0942', 'Supplement-122', '272.00', 2),
('INV0943', 'Supplement-16', '244.00', 3),
('INV0944', 'Supplement-141', '218.00', 1),
('INV0945', 'Supplement-197', '278.00', 2),
('INV0946', 'Supplement-64', '167.00', 5),
('INV0947', 'Supplement-43', '190.00', 3),
('INV0948', 'Supplement-118', '181.00', 2),
('INV0949', 'Supplement-190', '284.00', 2),
('INV0950', 'Supplement-161', '240.00', 1),
('INV0951', 'Supplement-195', '295.00', 5),
('INV0952', 'Supplement-46', '220.00', 1),
('INV0953', 'Supplement-207', '589.00', 1),
('INV0954', 'Supplement-116', '221.00', 5),
('INV0955', 'Supplement-77', '236.00', 5),
('INV0956', 'Supplement-7', '283.00', 4),
('INV0957', 'Supplement-98', '214.00', 5),
('INV0958', 'Supplement-4', '214.00', 5),
('INV0959', 'Supplement-17', '264.00', 3),
('INV0960', 'Supplement-189', '180.00', 3),
('INV0961', 'Supplement-198', '231.00', 3),
('INV0962', 'Supplement-20', '225.00', 1),
('INV0963', 'Supplement-166', '205.00', 2),
('INV0964', 'Supplement-76', '297.00', 2),
('INV0965', 'Supplement-74', '250.00', 5),
('INV0966', 'Supplement-104', '396.00', 2),
('INV0967', 'Supplement-161', '240.00', 5),
('INV0968', 'Supplement-111', '119.00', 1),
('INV0969', 'Supplement-159', '260.00', 2),
('INV0970', 'Supplement-109', '211.00', 2),
('INV0971', 'Supplement-64', '167.00', 5),
('INV0972', 'Supplement-96', '194.00', 2),
('INV0973', 'Supplement-219', '255.00', 3),
('INV0974', 'Supplement-244', '298.00', 2),
('INV0975', 'Supplement-182', '279.00', 3),
('INV0976', 'Supplement-165', '311.00', 4),
('INV0977', 'Supplement-81', '314.00', 3),
('INV0978', 'Supplement-112', '2710.00', 3),
('INV0979', 'Supplement-208', '267.00', 5),
('INV0980', 'Supplement-184', '345.00', 5),
('INV0981', 'Supplement-80', '285.00', 1),
('INV0982', 'Supplement-158', '165.00', 1),
('INV0983', 'Supplement-160', '266.00', 2),
('INV0984', 'Supplement-132', '289.00', 4),
('INV0985', 'Supplement-80', '285.00', 4),
('INV0986', 'Supplement-42', '401.00', 4),
('INV0987', 'Supplement-214', '245.00', 5),
('INV0988', 'Supplement-193', '249.00', 4),
('INV0989', 'Supplement-147', '267.00', 1),
('INV0990', 'Supplement-21', '307.00', 2),
('INV0991', 'Supplement-55', '171.00', 3),
('INV0992', 'Supplement-61', '264.00', 4),
('INV0993', 'Supplement-136', '253.00', 5),
('INV0994', 'Supplement-182', '279.00', 2),
('INV0995', 'Supplement-236', '210.00', 5),
('INV0996', 'Supplement-139', '165.00', 5),
('INV0997', 'Supplement-10', '234.00', 4),
('INV0998', 'Supplement-173', '326.00', 4),
('INV0999', 'Supplement-84', '175.00', 5),
('INV1000', 'Supplement-102', '226.00', 1),
('INV1000', 'Supplement-103', '632.00', 1),
('INV1001', 'Supplement-102', '226.00', 2),
('INV1001', 'Supplement-107', '303.00', 1),
('INV1002', 'Supplement-102', '226.00', 1),
('INV1002', 'Supplement-111', '140.00', 2),
('INV1004', 'Supplement-10000', '273.60', 1),
('INV1004', 'Supplement-102', '226.00', 2),
('INV1004', 'Supplement-105', '308.00', 3),
('INV1005', 'supplement-1200', '1140.00', 2),
('INV1007', 'supplement-1200', '1140.00', 3),
('INV1008', 'Supplement-104', '413.00', 2),
('INV1008', 'supplement-1200', '1140.00', 4),
('INV1009', 'Supplement-1170', '1140.00', 3),
('INV1009', 'supplement-1200', '1140.00', 5),
('INV1010', 'Supplement-102', '226.00', 1),
('INV1010', 'Supplement-108', '311.00', 2),
('INV1011', 'Supplement-114', '251.00', 2),
('INV1011', 'Supplement-9', '371.00', 3),
('INV1012', 'Supplement-115', '422.00', 2),
('INV1013', 'Supplement-113', '133.00', 3),
('INV1014', 'Supplement-88', '348.00', 1),
('INV1014', 'Supplement-99', '210.00', 2),
('INV1015', 'Supplement-89', '312.00', 3),
('INV1015', 'Supplement-95', '206.00', 2),
('INV1016', 'Supplement-110', '242.00', 1),
('INV1016', 'Supplement-112', '2745.00', 2);

-- --------------------------------------------------------

--
-- Table structure for table `tblreference`
--

CREATE TABLE `tblreference` (
  `reference_ID` varchar(20) NOT NULL,
  `description` varchar(50) NOT NULL
) ENGINE=InnoDB DEFAULT CHARSET=latin1;

--
-- Dumping data for table `tblreference`
--

INSERT INTO `tblreference` (`reference_ID`, `description`) VALUES
('1', 'Website'),
('2', 'Word by mouth'),
('3', 'Friend'),
('4', 'Facebook'),
('5', 'Myself'),
('6', 'Other'),
('ReferenceID', 'Description');

-- --------------------------------------------------------

--
-- Table structure for table `tblsupplements`
--

CREATE TABLE `tblsupplements` (
  `supplement_id` varchar(20) NOT NULL,
  `supplier_id` varchar(15) NOT NULL,
  `supplement_description` varchar(30) NOT NULL,
  `cost_excl` decimal(6,2) NOT NULL,
  `cost_incl` decimal(6,2) NOT NULL,
  `min_levels` int(11) NOT NULL,
  `current_stock_levels` int(11) NOT NULL,
  `nappi_code` varchar(20) NOT NULL
) ENGINE=InnoDB DEFAULT CHARSET=latin1;

--
-- Dumping data for table `tblsupplements`
--

INSERT INTO `tblsupplements` (`supplement_id`, `supplier_id`, `supplement_description`, `cost_excl`, `cost_incl`, `min_levels`, `current_stock_levels`, `nappi_code`) VALUES
('Supplement-1', 'SUPPLIER A', 'Omega 3 Double Strength 60\'s', '313.00', '356.00', 10, 28, '0'),
('Supplement-10', 'SUPPLIER C', 'Anti-Anxiety tables 30s', '195.00', '223.00', 4, 2, '0'),
('Supplement-100', 'SUPPLIER G', 'Babies 60\'s', '127.00', '145.00', 4, 28, '0'),
('Supplement-101', 'SUPPLIER G', 'Curcumin 60s', '237.00', '270.00', 6, 10, '0'),
('Supplement-102', 'SUPPLIER G', 'Vitamin C', '199.00', '226.00', 1, 29, '0'),
('Supplement-103', 'SUPPLIER C', 'Vitamin K2 30\'s', '554.00', '632.00', 1, 45, '0'),
('Supplement-104', 'SUPPLIER G', 'Vitamin Double C', '363.00', '413.00', 2, 3, '0'),
('Supplement-105', 'SUPPLIER B', 'Men Adult 50+ 60\'s', '271.00', '308.00', 2, 39, '0'),
('Supplement-106', 'SUPPLIER G', 'Folic Acid 60\'s', '266.00', '303.00', 3, 26, '0'),
('Supplement-107', 'SUPPLIER G', 'Ginkgo Biloba Extract 30 x 200', '266.00', '303.00', 9, 6, '0'),
('Supplement-108', 'SUPPLIER B', 'Vitamin K2 30\'s', '273.00', '311.00', 6, 8, '0'),
('Supplement-109', 'SUPPLIER G', 'Airmune Effervescent', '193.00', '220.00', 6, 10, '0'),
('Supplement-11', 'SUPPLIER C', 'Burnout Support 60\'s', '147.00', '168.00', 7, 49, '0'),
('Supplement-110', 'SUPPLIER B', 'Garcinia Tablets 60\'s', '213.00', '242.00', 7, 44, '0'),
('Supplement-111', 'SUPPLIER G', 'Breather Inhaler', '123.00', '140.00', 3, 6, '0'),
('Supplement-112', 'SUPPLIER G', 'Ozone Healing Gel', '2408.00', '2745.00', 1, 32, '0'),
('Supplement-113', 'SUPPLIER G', 'Honey scrub', '117.00', '133.00', 2, 8, '0'),
('Supplement-114', 'SUPPLIER G', 'Glucose', '221.00', '251.00', 8, 48, '0'),
('Supplement-115', 'SUPPLIER G', 'Green tea extract 60\'s', '371.00', '422.00', 10, 42, '0'),
('Supplement-116', 'SUPPLIER D', 'Chromium Polynicotinate 90 x 1', '220.00', '250.00', 4, 24, '0'),
('Supplement-117', 'SUPPLIER G', 'Coffee scrub', '224.00', '255.00', 1, 12, '0'),
('Supplement-1170', 'SUPPLIER  S', 'Take away', '1000.00', '1140.00', 20, 97, '0'),
('Supplement-118', 'SUPPLIER B', 'Calmag 120\'s', '167.00', '190.00', 7, 6, '0'),
('Supplement-119', 'SUPPLIER C', 'Garcinia Tablets 60\'s', '178.00', '203.00', 8, 50, '0'),
('Supplement-12', 'SUPPLIER G', 'Cellfood 30ml', '262.00', '298.00', 1, 13, '0'),
('Supplement-120', 'SUPPLIER C', 'Calmag 120\'s', '192.00', '219.00', 3, 9, '0'),
('supplement-1200', 'SUPPLIER C', 'Sabza Product', '1000.00', '1140.00', 20, 188, '0'),
('Supplement-121', 'SUPPLIER G', 'Natural sleep formula 120\'s', '270.00', '307.00', 1, 42, '0'),
('Supplement-122', 'SUPPLIER G', 'Homocysteine lowering support ', '233.00', '265.00', 5, 46, '0'),
('Supplement-123', 'SUPPLIER B', 'Chromium 90\'s', '292.00', '332.00', 1, 15, '0'),
('Supplement-124', 'SUPPLIER G', 'Hormone balance 120\'s', '255.00', '290.00', 8, 5, '0'),
('Supplement-125', 'SUPPLIER B', 'Iron Plus 30\'s', '145.00', '165.00', 10, 25, '0'),
('Supplement-126', 'SUPPLIER C', 'Chromium 90\'s', '233.00', '266.00', 5, 12, '0'),
('Supplement-127', 'SUPPLIER B', 'Vitamin D3 60\'s', '171.00', '194.00', 9, 18, '0'),
('Supplement-128', 'SUPPLIER G', 'Inflammation and pain support ', '199.00', '226.00', 1, 47, '0'),
('Supplement-129', 'SUPPLIER G', 'Iron Plus 30\'s', '240.00', '273.00', 5, 47, '0'),
('Supplement-13', 'SUPPLIER G', 'Women Adult 90\'s', '136.00', '155.00', 8, 44, '0'),
('Supplement-130', 'SUPPLIER G', 'Krill Oil Omega 3 60\'s', '186.00', '212.00', 4, 35, '0'),
('Supplement-131', 'SUPPLIER B', 'Curcumin 30\'s', '270.00', '307.00', 3, 40, '0'),
('Supplement-132', 'SUPPLIER H', 'Cellfood 30ml', '292.00', '332.00', 7, 16, '0'),
('Supplement-133', 'SUPPLIER D', 'Curcumin 60s', '235.00', '267.00', 8, 13, '0'),
('Supplement-134', 'SUPPLIER D', 'Vitamin C', '194.00', '221.00', 6, 15, '0'),
('Supplement-135', 'SUPPLIER H', 'Women Adult 90\'s', '170.00', '193.00', 2, 10, '0'),
('Supplement-136', 'SUPPLIER H', 'Women 60+ 90\'s', '207.00', '235.00', 5, 17, '0'),
('Supplement-137', 'SUPPLIER H', 'Men Adult 90\'s', '189.00', '215.00', 1, 17, '0'),
('Supplement-138', 'SUPPLIER H', 'Men 60+ 90\'s', '271.00', '308.00', 3, 26, '0'),
('Supplement-139', 'SUPPLIER H', 'Children 120\'s', '127.00', '144.00', 10, 32, '0'),
('Supplement-14', 'SUPPLIER G', 'Women 60+ 90\'s', '278.00', '317.00', 6, 37, '0'),
('Supplement-140', 'SUPPLIER C', 'Iron Plus 30\'s', '178.00', '203.00', 7, 24, '0'),
('Supplement-141', 'SUPPLIER D', 'Vitamin Double C', '207.00', '235.00', 3, 7, '0'),
('Supplement-142', 'SUPPLIER H', 'Women Teens 120\'s', '148.00', '168.00', 2, 18, '0'),
('Supplement-143', 'SUPPLIER B', 'Milk Thistle Extract 90\'s', '166.00', '189.00', 10, 5, '0'),
('Supplement-144', 'SUPPLIER B', 'Natural memory support 60\'s', '170.00', '193.00', 8, 11, '0'),
('Supplement-145', 'SUPPLIER H', 'Men Teens 120\'s', '222.00', '253.00', 4, 40, '0'),
('Supplement-146', 'SUPPLIER B', 'Calmag 120 x 600mg', '220.00', '250.00', 9, 21, '0'),
('Supplement-147', 'SUPPLIER C', 'Vitamin D3 60\'s', '219.00', '250.00', 6, 42, '0'),
('Supplement-148', 'SUPPLIER C', 'Curcumin 30\'s', '188.00', '215.00', 8, 32, '0'),
('Supplement-149', 'SUPPLIER B', 'Calcium Glycinate 60\'s', '218.00', '248.00', 8, 48, '0'),
('Supplement-15', 'SUPPLIER G', 'Men Adult 90\'s', '330.00', '376.00', 7, 37, '0'),
('Supplement-150', 'SUPPLIER B', 'Chromium Polynicotinate 90 x 1', '325.00', '370.00', 3, 49, '0'),
('Supplement-151', 'SUPPLIER H', 'Babies 60\'s', '228.00', '260.00', 9, 4, '0'),
('Supplement-152', 'SUPPLIER B', 'Curcumin 60s', '229.00', '261.00', 7, 45, '0'),
('Supplement-153', 'SUPPLIER B', 'Vitamin C', '196.00', '223.00', 5, 3, '0'),
('Supplement-154', 'SUPPLIER H', 'Airmune Effervescent', '304.00', '346.00', 3, 19, '0'),
('Supplement-155', 'SUPPLIER H', 'Breather Inhaler', '148.00', '168.00', 3, 7, '0'),
('Supplement-156', 'SUPPLIER H', 'Ozone Healing Gel', '179.00', '204.00', 3, 31, '0'),
('Supplement-157', 'SUPPLIER B', 'Vitamin Double C', '239.00', '272.00', 8, 28, '0'),
('Supplement-158', 'SUPPLIER B', 'Folic Acid 60\'s', '166.00', '189.00', 3, 10, '0'),
('Supplement-159', 'SUPPLIER B', 'Ginkgo Biloba Extract 30 x 200', '223.00', '254.00', 2, 48, '0'),
('Supplement-16', 'SUPPLIER G', 'Men 60+ 90\'s', '245.00', '279.00', 5, 25, '0'),
('Supplement-160', 'SUPPLIER G', 'Aloe Vera scrub', '258.00', '294.00', 2, 40, '0'),
('Supplement-161', 'SUPPLIER B', 'Glucose', '199.00', '226.00', 8, 20, '0'),
('Supplement-162', 'SUPPLIER G', 'Olive healing gel', '240.00', '273.00', 4, 32, '0'),
('Supplement-163', 'SUPPLIER B', 'Green tea extract 60\'s', '155.00', '176.00', 10, 43, '0'),
('Supplement-164', 'SUPPLIER B', 'Natural sleep formula 120\'s', '254.00', '289.00', 8, 24, '0'),
('Supplement-165', 'SUPPLIER H', 'Honey scrub', '271.00', '308.00', 9, 49, '0'),
('Supplement-166', 'SUPPLIER B', 'Homocysteine lowering support ', '179.00', '204.00', 6, 42, '0'),
('Supplement-167', 'SUPPLIER B', 'Hormone balance 120\'s', '194.00', '221.00', 1, 35, '0'),
('Supplement-168', 'SUPPLIER G', 'Stress relief 120\'s', '194.00', '221.00', 5, 29, '0'),
('Supplement-169', 'SUPPLIER H', 'Coffee scrub', '222.00', '253.00', 6, 33, '0'),
('Supplement-17', 'SUPPLIER G', 'Children 120\'s', '230.00', '262.00', 8, 36, '0'),
('Supplement-170', 'SUPPLIER B', 'Inflammation and pain support ', '221.00', '251.00', 3, 21, '0'),
('Supplement-171', 'SUPPLIER H', 'Aloe Vera scrub', '382.00', '435.00', 5, 25, '0'),
('Supplement-172', 'SUPPLIER B', 'Iron Plus 30\'s', '185.00', '210.00', 6, 12, '0'),
('Supplement-173', 'SUPPLIER B', 'Krill Oil Omega 3 60\'s', '283.00', '322.00', 5, 5, '0'),
('Supplement-174', 'SUPPLIER H', 'Olive healing gel', '306.00', '348.00', 4, 42, '0'),
('Supplement-175', 'SUPPLIER B', 'Cellfood 30ml', '282.00', '321.00', 8, 18, '0'),
('Supplement-176', 'SUPPLIER B', 'Women Adult 90\'s', '179.00', '204.00', 1, 11, '0'),
('Supplement-177', 'SUPPLIER B', 'Women 60+ 90\'s', '217.00', '247.00', 2, 28, '0'),
('Supplement-178', 'SUPPLIER B', 'Men Adult 90\'s', '217.00', '247.00', 7, 20, '0'),
('Supplement-179', 'SUPPLIER H', 'Stress relief 120\'s', '290.00', '330.00', 8, 23, '0'),
('Supplement-18', 'SUPPLIER B', 'Krill Oil Omega 3 60\'s', '153.00', '174.00', 3, 38, '0'),
('Supplement-180', 'SUPPLIER H', 'Appetite control chewies 40s', '179.00', '204.00', 6, 4, '0'),
('Supplement-181', 'SUPPLIER I', 'Omega 3 Double Strength 60\'s', '211.00', '240.00', 7, 27, '0'),
('Supplement-182', 'SUPPLIER B', 'Men 60+ 90\'s', '239.00', '272.00', 2, 6, '0'),
('Supplement-183', 'SUPPLIER I', 'Skin Formula 60\'s', '266.00', '303.00', 9, 29, '0'),
('Supplement-184', 'SUPPLIER I', 'Krill Oil 30\'s', '317.00', '361.00', 2, 19, '0'),
('Supplement-185', 'SUPPLIER I', 'Anti-Anxiety tables 30s', '184.00', '209.00', 6, 20, '0'),
('Supplement-186', 'SUPPLIER B', 'Children 120\'s', '229.00', '261.00', 5, 4, '0'),
('Supplement-187', 'SUPPLIER B', 'Women Teens 120\'s', '168.00', '191.00', 7, 42, '0'),
('Supplement-188', 'SUPPLIER G', 'Appetite control chewies 40\'s', '169.00', '192.00', 10, 30, '0'),
('Supplement-189', 'SUPPLIER B', 'Men Teens 120\'s', '140.00', '159.00', 4, 42, '0'),
('Supplement-19', 'SUPPLIER B', 'Cellfood 30ml', '107.00', '121.00', 4, 40, '0'),
('Supplement-190', 'SUPPLIER I', 'Burnout Support 60\'s', '266.00', '303.00', 1, 31, '0'),
('Supplement-191', 'SUPPLIER I', 'Natural Antibiotics 120\'s', '296.00', '337.00', 1, 25, '0'),
('Supplement-192', 'SUPPLIER B', 'Babies 60\'s', '232.00', '264.00', 7, 24, '0'),
('Supplement-193', 'SUPPLIER G', 'Airmune Effervescent', '234.00', '266.00', 10, 2, '0'),
('Supplement-194', 'SUPPLIER I', 'Anti-Cholesterol 60s', '241.00', '274.00', 4, 15, '0'),
('Supplement-195', 'SUPPLIER I', 'Natural Probiotic 120\'s', '271.00', '308.00', 10, 7, '0'),
('Supplement-196', 'SUPPLIER I', 'Collagen Complex 60\'s', '299.00', '340.00', 8, 14, '0'),
('Supplement-197', 'SUPPLIER I', 'Anti-inflammatory control 120', '274.00', '312.00', 2, 5, '0'),
('Supplement-198', 'SUPPLIER I', 'Appetite control 60s', '202.00', '230.00', 4, 37, '0'),
('Supplement-199', 'SUPPLIER I', 'Women Adult 60\'s', '267.00', '304.00', 1, 26, '0'),
('Supplement-2', 'SUPPLIER B', 'Homocysteine lowering support ', '215.00', '245.00', 1, 41, '0'),
('Supplement-20', 'SUPPLIER B', 'Women Adult 90\'s', '173.00', '197.00', 4, 18, '0'),
('Supplement-200', 'SUPPLIER I', 'Women Adult 50+ 60\'s', '242.00', '275.00', 5, 12, '0'),
('Supplement-201', 'SUPPLIER I', 'Women Adult 70+ 60\'s', '244.00', '278.00', 4, 45, '0'),
('Supplement-202', 'SUPPLIER I', 'Men Adult 60\'s', '210.00', '239.00', 10, 46, '0'),
('Supplement-203', 'SUPPLIER I', 'Men Adult 50+ 60\'s', '342.00', '389.00', 6, 29, '0'),
('Supplement-204', 'SUPPLIER I', 'Vitamin K2 30\'s', '305.00', '347.00', 6, 25, '0'),
('Supplement-205', 'SUPPLIER I', 'Garcinia Tablets 60\'s', '268.00', '305.00', 7, 10, '0'),
('Supplement-206', 'SUPPLIER I', 'Calmag 120\'s', '291.00', '331.00', 6, 15, '0'),
('Supplement-207', 'SUPPLIER G', 'Breather Inhaler', '552.00', '629.00', 4, 30, '0'),
('Supplement-208', 'SUPPLIER I', 'Chromium 90\'s', '252.00', '287.00', 9, 35, '0'),
('Supplement-209', 'SUPPLIER B', 'Airmune Effervescent', '180.00', '205.00', 5, 21, '0'),
('Supplement-21', 'SUPPLIER A', 'Anti-Anxiety tables 30s', '263.00', '299.00', 6, 17, '0'),
('Supplement-210', 'SUPPLIER B', 'Breather Inhaler', '171.00', '194.00', 1, 42, '0'),
('Supplement-211', 'SUPPLIER B', 'Ozone Healing Gel', '211.00', '240.00', 10, 33, '0'),
('Supplement-212', 'SUPPLIER I', 'Iron Plus 30\'s', '264.00', '300.00', 9, 28, '0'),
('Supplement-213', 'SUPPLIER I', 'Vitamin D3 60\'s', '228.00', '259.00', 9, 35, '0'),
('Supplement-214', 'SUPPLIER G', 'Ozone Healing Gel', '231.00', '263.00', 3, 30, '0'),
('Supplement-215', 'SUPPLIER I', 'Curcumin 30\'s', '248.00', '282.00', 10, 20, '0'),
('Supplement-216', 'SUPPLIER B', 'Honey scrub', '316.00', '360.00', 6, 12, '0'),
('Supplement-217', 'SUPPLIER I', 'Milk Thistle Extract 90\'s', '329.00', '375.00', 8, 5, '0'),
('Supplement-218', 'SUPPLIER B', 'Coffee scrub', '202.00', '230.00', 8, 16, '0'),
('Supplement-219', 'SUPPLIER I', 'Natural memory support 60\'s', '215.00', '245.00', 9, 23, '0'),
('Supplement-22', 'SUPPLIER B', 'Women 60+ 90\'s', '163.00', '185.00', 6, 36, '0'),
('Supplement-220', 'SUPPLIER B', 'Aloe Vera scrub', '281.00', '320.00', 7, 35, '0'),
('Supplement-221', 'SUPPLIER B', 'Olive healing gel', '193.00', '220.00', 4, 22, '0'),
('Supplement-222', 'SUPPLIER G', 'Honey scrub', '309.00', '352.00', 8, 6, '0'),
('Supplement-223', 'SUPPLIER G', 'Coffee scrub', '315.00', '359.00', 9, 24, '0'),
('Supplement-224', 'SUPPLIER G', 'Aloe Vera scrub', '272.00', '310.00', 4, 47, '0'),
('Supplement-225', 'SUPPLIER G', 'Olive healing gel', '186.00', '212.00', 5, 31, '0'),
('Supplement-226', 'SUPPLIER G', 'Stress relief 120\'s', '132.00', '150.00', 9, 36, '0'),
('Supplement-227', 'SUPPLIER G', 'Appetite control chewies 40\'s', '292.00', '332.00', 10, 9, '0'),
('Supplement-228', 'SUPPLIER C', 'Milk Thistle Extract 90\'s', '197.00', '224.00', 6, 28, '0'),
('Supplement-229', 'SUPPLIER C', 'Natural memory support 60\'s', '156.00', '178.00', 4, 24, '0'),
('Supplement-23', 'SUPPLIER B', 'Men Adult 90\'s', '500.00', '570.00', 9, 29, '0'),
('Supplement-230', 'SUPPLIER I', 'Calmag 120 x 600mg', '216.00', '246.00', 7, 8, '0'),
('Supplement-231', 'SUPPLIER I', 'Calcium Glycinate 60\'s', '328.00', '373.00', 7, 46, '0'),
('Supplement-232', 'SUPPLIER I', 'Chromium Polynicotinate 90 x 1', '295.00', '336.00', 2, 8, '0'),
('Supplement-233', 'SUPPLIER I', 'Curcumin 60s', '237.00', '270.00', 9, 15, '0'),
('Supplement-234', 'SUPPLIER I', 'Vitamin C', '270.00', '307.00', 10, 48, '0'),
('Supplement-235', 'SUPPLIER C', 'Calmag 120 x 600mg', '192.00', '219.00', 8, 37, '0'),
('Supplement-236', 'SUPPLIER I', 'Vitamin Double C', '205.00', '233.00', 7, 32, '0'),
('Supplement-237', 'SUPPLIER I', 'Folic Acid 60\'s', '186.00', '212.00', 5, 44, '0'),
('Supplement-238', 'SUPPLIER I', 'Ginkgo Biloba Extract 30 x 200', '211.00', '240.00', 3, 34, '0'),
('Supplement-239', 'SUPPLIER B', 'Stress relief 120\'s', '261.00', '297.00', 9, 36, '0'),
('Supplement-24', 'SUPPLIER C', 'Natural Antibiotics 120\'s', '202.00', '230.00', 1, 10, '0'),
('Supplement-240', 'SUPPLIER B', 'Appetite control chewies 40s', '144.00', '164.00', 3, 37, '0'),
('Supplement-241', 'SUPPLIER I', 'Glucose', '238.00', '271.00', 1, 46, '0'),
('Supplement-242', 'SUPPLIER I', 'Green tea extract 60\'s', '269.00', '306.00', 4, 5, '0'),
('Supplement-243', 'SUPPLIER I', 'Natural sleep formula 120\'s', '154.00', '175.00', 2, 19, '0'),
('Supplement-244', 'SUPPLIER B', 'Omega 3 Double Strength 60\'s', '281.00', '320.00', 7, 49, '0'),
('Supplement-245', 'SUPPLIER E', 'Iron Plus 30\'s', '288.00', '329.00', 9, 40, '0'),
('Supplement-25', 'SUPPLIER B', 'Men 60+ 90\'s', '275.00', '313.00', 7, 35, '0'),
('Supplement-26', 'SUPPLIER A', 'Burnout Support 60\'s', '248.00', '282.00', 6, 17, '0'),
('Supplement-27', 'SUPPLIER A', 'Natural Antibiotics 120\'s', '205.00', '233.00', 3, 8, '0'),
('Supplement-28', 'SUPPLIER D', 'Calcium Glycinate 60\'s', '263.00', '299.00', 8, 29, '0'),
('Supplement-29', 'SUPPLIER B', 'Children 120\'s', '210.00', '239.00', 9, 33, '0'),
('Supplement-3', 'SUPPLIER C', 'Skin Formula 60\'s', '216.00', '247.00', 1, 22, '0'),
('Supplement-30', 'SUPPLIER A', 'Anti-Cholesterol 60s', '298.00', '339.00', 7, 28, '0'),
('Supplement-31', 'SUPPLIER C', 'Anti-Cholesterol 60s', '127.00', '145.00', 3, 43, '0'),
('Supplement-32', 'SUPPLIER B', 'Women Teens 120\'s', '203.00', '231.00', 5, 22, '0'),
('Supplement-33', 'SUPPLIER A', 'Natural Probiotic 120\'s', '217.00', '247.00', 1, 23, '0'),
('Supplement-34', 'SUPPLIER A', 'Collagen Complex 60\'s', '257.00', '292.00', 6, 3, '0'),
('Supplement-35', 'SUPPLIER A', 'Anti-inflammatory control 120', '140.00', '159.00', 10, 4, '0'),
('Supplement-36', 'SUPPLIER A', 'Appetite control 60s', '237.00', '270.00', 6, 23, '0'),
('Supplement-37', 'SUPPLIER C', 'Natural Probiotic 120\'s', '196.00', '224.00', 8, 2, '0'),
('Supplement-38', 'SUPPLIER B', 'Men Teens 120\'s', '194.00', '221.00', 6, 9, '0'),
('Supplement-39', 'SUPPLIER B', 'Babies 60\'s', '232.00', '264.00', 1, 35, '0'),
('Supplement-4', 'SUPPLIER B', 'Hormone balance 120\'s', '222.00', '253.00', 10, 13, '0'),
('Supplement-40', 'SUPPLIER C', 'Collagen Complex 60\'s', '126.00', '144.00', 10, 5, '0'),
('Supplement-41', 'SUPPLIER F', 'Krill Oil Omega 3 60\'s', '164.00', '186.00', 6, 29, '0'),
('Supplement-42', 'SUPPLIER B', 'Airmune Effervescent', '355.00', '404.00', 10, 17, '0'),
('Supplement-43', 'SUPPLIER A', 'Women Adult 60\'s', '199.00', '226.00', 5, 5, '0'),
('Supplement-44', 'SUPPLIER A', 'Women Adult 50+ 60\'s', '222.00', '253.00', 5, 24, '0'),
('Supplement-45', 'SUPPLIER B', 'Breather Inhaler', '125.00', '142.00', 9, 100, '0'),
('Supplement-46', 'SUPPLIER B', 'Ozone Healing Gel', '174.00', '198.00', 10, 3, '0'),
('Supplement-47', 'SUPPLIER C', 'Anti-inflammatory control 120', '247.00', '281.00', 5, 10, '0'),
('Supplement-48', 'SUPPLIER B', 'Honey scrub', '261.00', '297.00', 2, 6, '0'),
('Supplement-49', 'SUPPLIER A', 'Women Adult 70+ 60\'s', '232.00', '264.00', 10, 38, '0'),
('Supplement-5', 'SUPPLIER B', 'Inflammation and pain support ', '201.00', '229.00', 8, 100, '0'),
('Supplement-50', 'SUPPLIER E', 'Folic Acid 60\'s', '268.00', '306.00', 4, 49, '0'),
('Supplement-51', 'SUPPLIER E', 'Ginkgo Biloba Extract 30 x 200', '134.00', '152.00', 1, 15, '0'),
('Supplement-52', 'SUPPLIER E', 'Glucose', '157.00', '179.00', 5, 33, '0'),
('Supplement-53', 'SUPPLIER E', 'Green tea extract 60\'s', '170.00', '193.00', 7, 17, '0'),
('Supplement-54', 'SUPPLIER E', 'Natural sleep formula 120\'s', '225.00', '257.00', 10, 16, '0'),
('Supplement-55', 'SUPPLIER E', 'Homocysteine lowering support ', '146.00', '167.00', 3, 48, '0'),
('Supplement-56', 'SUPPLIER E', 'Hormone balance 120\'s', '4198.00', '4785.00', 10, 15, '0'),
('Supplement-57', 'SUPPLIER C', 'Appetite control 60s', '168.00', '191.00', 4, 9, '0'),
('Supplement-58', 'SUPPLIER C', 'Women Adult 60\'s', '203.00', '231.00', 3, 41, '0'),
('Supplement-59', 'SUPPLIER C', 'Women Adult 50+ 60\'s', '174.00', '198.00', 4, 39, '0'),
('Supplement-6', 'SUPPLIER A', 'Skin Formula 60\'s', '259.00', '295.00', 5, 36, '0'),
('Supplement-60', 'SUPPLIER B', 'Coffee scrub', '202.00', '230.00', 10, 19, '0'),
('Supplement-61', 'SUPPLIER G', 'Women Teens 120\'s', '212.00', '241.00', 3, 11, '0'),
('Supplement-62', 'SUPPLIER E', 'Inflammation and pain support ', '342.00', '390.00', 10, 34, '0'),
('Supplement-63', 'SUPPLIER B', 'Aloe Vera scrub', '143.00', '163.00', 3, 26, '0'),
('Supplement-64', 'SUPPLIER B', 'Olive healing gel', '141.00', '160.00', 4, 6, '0'),
('Supplement-65', 'SUPPLIER B', 'Stress relief 120\'s', '160.00', '182.00', 2, 8, '0'),
('Supplement-66', 'SUPPLIER B', 'Appetite control chewies 40\'s', '142.00', '161.00', 2, 40, '0'),
('Supplement-67', 'SUPPLIER B', 'Omega 3 Double Strength 60\'s', '104.00', '118.00', 9, 39, '0'),
('Supplement-68', 'SUPPLIER B', 'Skin Formula 60\'s', '211.00', '240.00', 2, 18, '0'),
('Supplement-69', 'SUPPLIER B', 'Krill Oil 30\'s', '162.00', '184.00', 1, 48, '0'),
('Supplement-7', 'SUPPLIER C', 'Krill Oil 30\'s', '221.00', '251.00', 1, 34, '0'),
('Supplement-70', 'SUPPLIER B', 'Anti-Anxiety tables 30s', '184.00', '209.00', 2, 26, '0'),
('Supplement-71', 'SUPPLIER A', 'Men Adult 60\'s', '310.00', '353.00', 5, 3, '0'),
('Supplement-72', 'SUPPLIER A', 'Men Adult 50+ 60\'s', '224.00', '255.00', 1, 17, '0'),
('Supplement-73', 'SUPPLIER C', 'Women Adult 70+ 60\'s', '235.00', '268.00', 7, 36, '0'),
('Supplement-74', 'SUPPLIER A', 'Vitamin K2 30\'s', '234.00', '266.00', 1, 15, '0'),
('Supplement-75', 'SUPPLIER B', 'Burnout Support 60\'s', '197.00', '224.00', 6, 22, '0'),
('Supplement-76', 'SUPPLIER B', 'Natural Antibiotics 120\'s', '275.00', '313.00', 2, 8, '0'),
('Supplement-77', 'SUPPLIER A', 'Garcinia Tablets 60\'s', '220.00', '250.00', 1, 49, '0'),
('Supplement-78', 'SUPPLIER B', 'Anti-Cholesterol 60s', '223.00', '254.00', 10, 49, '0'),
('Supplement-79', 'SUPPLIER B', 'Natural Probiotic 120\'s', '172.00', '196.00', 3, 39, '0'),
('Supplement-8', 'SUPPLIER B', 'Iron Plus 30\'s', '171.00', '194.00', 1, 27, '0'),
('Supplement-80', 'SUPPLIER B', 'Collagen Complex 60\'s', '258.00', '294.00', 4, 36, '0'),
('Supplement-81', 'SUPPLIER B', 'Anti-inflammatory control 120', '287.00', '327.00', 5, 43, '0'),
('Supplement-82', 'SUPPLIER B', 'Appetite control 60s', '169.00', '192.00', 10, 7, '0'),
('Supplement-83', 'SUPPLIER A', 'Calmag 120\'s', '259.00', '295.00', 1, 40, '0'),
('Supplement-84', 'SUPPLIER B', 'Women Adult 60\'s', '142.00', '161.00', 6, 6, '0'),
('Supplement-85', 'SUPPLIER A', 'Chromium 90\'s', '223.00', '254.00', 6, 31, '0'),
('Supplement-86', 'SUPPLIER A', 'Iron Plus 30\'s', '177.00', '201.00', 1, 45, '0'),
('Supplement-87', 'SUPPLIER A', 'Vitamin D3 60\'s', '137.00', '156.00', 5, 48, '0'),
('Supplement-88', 'SUPPLIER G', 'Men Teens 120\'s', '306.00', '348.00', 2, 16, '0'),
('Supplement-89', 'SUPPLIER C', 'Men Adult 60\'s', '274.00', '312.00', 2, 16, '0'),
('Supplement-9', 'SUPPLIER A', 'Krill Oil 30\'s', '326.00', '371.00', 8, 30, '0'),
('Supplement-90', 'SUPPLIER B', 'Women Adult 50+ 60\'s', '159.00', '181.00', 4, 19, '0'),
('Supplement-91', 'SUPPLIER A', 'Curcumin 30\'s', '230.00', '262.00', 6, 3, '0'),
('Supplement-92', 'SUPPLIER B', 'Women Adult 70+ 60\'s', '232.00', '264.00', 4, 20, '0'),
('Supplement-93', 'SUPPLIER C', 'Men Adult 50+ 60\'s', '229.00', '261.00', 5, 36, '0'),
('Supplement-94', 'SUPPLIER A', 'Milk Thistle Extract 90\'s', '221.00', '251.00', 6, 36, '0'),
('Supplement-95', 'SUPPLIER A', 'Natural memory support 60\'s', '181.00', '206.00', 8, 11, '0'),
('Supplement-96', 'SUPPLIER G', 'Calmag 120 x 600mg', '176.00', '200.00', 10, 6, '0'),
('Supplement-97', 'SUPPLIER G', 'Calcium Glycinate 60\'s', '201.00', '229.00', 4, 30, '0'),
('Supplement-98', 'SUPPLIER B', 'Men Adult 60\'s', '191.00', '217.00', 7, 49, '0'),
('Supplement-99', 'SUPPLIER G', 'Chromium Polynicotinate 90 x 1', '185.00', '210.00', 7, 20, '0');

-- --------------------------------------------------------

--
-- Table structure for table `tblsupplierinfo`
--

CREATE TABLE `tblsupplierinfo` (
  `supplier_id` varchar(15) NOT NULL,
  `contact_person` varchar(30) NOT NULL,
  `supplier_tel` varchar(30) NOT NULL,
  `supplier_email` varchar(50) NOT NULL,
  `bank` varchar(30) NOT NULL,
  `bank_code` varchar(10) NOT NULL,
  `supplier_BankNum` varchar(30) NOT NULL,
  `supplier_type_bank_acc` varchar(20) NOT NULL
) ENGINE=InnoDB DEFAULT CHARSET=latin1;

--
-- Dumping data for table `tblsupplierinfo`
--

INSERT INTO `tblsupplierinfo` (`supplier_id`, `contact_person`, `supplier_tel`, `supplier_email`, `bank`, `bank_code`, `supplier_BankNum`, `supplier_type_bank_acc`) VALUES
('SUPPLIER A', 'John Adams', '(011)-(863)-(0056)', 'johnadams@suppliera.co.za', 'Standard Bank', '11813', '01887092', 'Cheque'),
('SUPPLIER B', 'Mary Nkosi', '(011)-(894)-(9004)', '', 'Standard Bank', '23460', '420315985', 'cheq'),
('SUPPLIER C', 'Ben Brandt', '(012)-(456)-(2345)', '', 'Capitec', '470010', '4063452826', 'Cheque'),
('SUPPLIER D', 'Freddy Nell', '(081)-(345)-(1268)', 'updated@update.com', '', '', '', ''),
('SUPPLIER E', 'Lee Singh', '(011)-(543)-(1136)', 'suppliere@absamail.co.za', 'ABSA', '', '4063467827', 'Cheque'),
('SUPPLIER F', 'John or Gert', '(012)-(766)-(3333)', 'johnmalan@mweb.co.za', 'ABSA', '', '4028764343', 'Cheque'),
('SUPPLIER G', 'Matthew Nel', '(082)-(820)-(5123)', 'mmnel@mymail.com', 'ABSA', '', '403457878', 'Credit'),
('SUPPLIER H', 'Frank Moepa', '(031)-(089)-(5612)', 'fmoepa@thismail.co.za', 'Nedbank', '198765', '15647878787', 'Cheque'),
('SUPPLIER I', 'Mary Seopa', '(015)-(876)-(1234)', 'ml@supplieri.co.za', 'Thyme', '678910', '5467878781231', 'Credit'),
('Supplier M', 'Rethabile', '(011)-(111)-(1111)', 'rethabile@althealth.co.za', 'Absa', '20000', '5845421231314', '5454545');

--
-- Indexes for dumped tables
--

--
-- Indexes for table `hcp`
--
ALTER TABLE `hcp`
  ADD PRIMARY KEY (`id`);

--
-- Indexes for table `tblclientinfo`
--
ALTER TABLE `tblclientinfo`
  ADD PRIMARY KEY (`client_ID`),
  ADD KEY `reference_ID` (`reference_ID`);

--
-- Indexes for table `tblinv_info`
--
ALTER TABLE `tblinv_info`
  ADD PRIMARY KEY (`inv_num`),
  ADD KEY `client_ID` (`client_ID`);

--
-- Indexes for table `tblinv_items`
--
ALTER TABLE `tblinv_items`
  ADD PRIMARY KEY (`inv_num`,`supplement_id`),
  ADD KEY `inv_num` (`inv_num`),
  ADD KEY `supplement_id` (`supplement_id`);

--
-- Indexes for table `tblreference`
--
ALTER TABLE `tblreference`
  ADD PRIMARY KEY (`reference_ID`);

--
-- Indexes for table `tblsupplements`
--
ALTER TABLE `tblsupplements`
  ADD PRIMARY KEY (`supplement_id`),
  ADD KEY `supplier_id` (`supplier_id`);

--
-- Indexes for table `tblsupplierinfo`
--
ALTER TABLE `tblsupplierinfo`
  ADD PRIMARY KEY (`supplier_id`);

--
-- AUTO_INCREMENT for dumped tables
--

--
-- AUTO_INCREMENT for table `hcp`
--
ALTER TABLE `hcp`
  MODIFY `id` int(11) NOT NULL AUTO_INCREMENT, AUTO_INCREMENT=2;
COMMIT;

/*!40101 SET CHARACTER_SET_CLIENT=@OLD_CHARACTER_SET_CLIENT */;
/*!40101 SET CHARACTER_SET_RESULTS=@OLD_CHARACTER_SET_RESULTS */;
/*!40101 SET COLLATION_CONNECTION=@OLD_COLLATION_CONNECTION */;
